Amount,BankNameReceived,BankNameSent,City,Currency,CustomerAccountNumber,CustomerAge,DeviceType,Gender,MerchantAccountNumber,MerchantName,PaymentMethod,PaymentMode,Purpose,RemainingBalance,Status,TransactionDate,TransactionID,TransactionTime,TransactionType,AgeGroup,IsSuccess,HighValue,RiskFlag,Anomaly,FraudFlag
15843.93,Canara Bank,Yes Bank,Kolkata,INR,CUST51169712660,21,Android,Male,CUST74930377009,Individual Transfer,QR Scan,P2P,Loan Repayment,180015.14,success,2025-12-02,UPI20251202000161,08:22:14,Debit,Young,1,1,0,-1,Suspicious
14821.51,IndusInd Bank,IDFC FIRST Bank,Jaipur,INR,CUST78665889299,27,POS Device,Male,CUST46556246979,Individual Transfer,Mobile Number,P2P,Loan Repayment,460991.9,success,2025-10-31,UPI20251031000305,12:50:51,Debit,Adult,1,1,0,-1,Suspicious
17575.69,Yes Bank,IDFC FIRST Bank,Mumbai,INR,CUST43788305570,42,Android,Female,CUST73813108571,Individual Transfer,Bank Account,P2P,Loan Repayment,94120.88,success,2025-05-03,UPI20250503000318,11:24:19,Credit,Adult,1,1,0,-1,Suspicious
69208.2,HDFC Bank,Axis Bank,Lucknow,INR,CUST15019768628,45,Web,Male,CUST93326810444,Individual Transfer,Mobile Number,P2P,Salary Transfer,85491.63,success,2025-08-01,UPI20250801000321,13:25:56,Debit,Senior,1,1,1,-1,Suspicious
29979.25,IDFC FIRST Bank,IndusInd Bank,Noida,INR,CUST35102070723,36,Android,Female,CUST38440596479,Individual Transfer,QR Scan,P2P,Loan Repayment,374144.07,success,2025-12-03,UPI20251203000338,15:56:18,Debit,Adult,1,1,0,-1,Suspicious
16496.87,IDFC FIRST Bank,ICICI Bank,Indore,INR,CUST99683887017,66,iOS,Male,CUST91742329128,Individual Transfer,UPI ID,P2P,Salary Transfer,75456.43,success,2025-06-03,UPI20250603000442,15:46:21,Debit,Senior,1,1,0,-1,Suspicious
7959.55,IDFC FIRST Bank,Kotak Mahindra Bank,Jaipur,INR,CUST78598209222,18,iOS,Male,CUST36028648273,Individual Transfer,Bank Account,P2P,Rent,38479.58,success,2025-02-12,UPI20250212000472,13:53:55,Debit,Young,1,1,0,-1,Suspicious
36217.46,HDFC Bank,IndusInd Bank,Coimbatore,INR,CUST77678634635,64,iOS,Female,CUST30186834617,Individual Transfer,UPI ID,P2P,Salary Transfer,202121.91,success,2025-01-24,UPI20250124000514,07:58:22,Debit,Senior,1,1,0,-1,Suspicious
14596.55,IndusInd Bank,Axis Bank,Jaipur,INR,CUST91034192182,67,iOS,Male,CUST36425236320,Individual Transfer,QR Scan,P2P,Loan Repayment,172210.59,success,2025-12-12,UPI20251212000580,19:34:29,Debit,Senior,1,1,0,-1,Suspicious
19333.74,IDFC FIRST Bank,HDFC Bank,Jaipur,INR,CUST87772398819,24,Android,Female,CUST87732795161,Individual Transfer,QR Scan,P2P,Salary Transfer,20332.43,success,2025-09-07,UPI20250907000597,17:53:36,Debit,Young,1,1,0,-1,Suspicious
26805.0,Punjab National Bank,Axis Bank,Kochi,INR,CUST98749110824,54,POS Device,Female,CUST89574308594,Individual Transfer,QR Scan,P2P,Salary Transfer,246035.5,success,2025-01-22,UPI20250122000611,13:58:58,Debit,Senior,1,1,0,-1,Suspicious
39975.27,Canara Bank,Punjab National Bank,Nagpur,INR,CUST20444120651,26,Web,Female,CUST46945961061,Individual Transfer,Bank Account,P2P,Rent,249502.74,success,2025-08-28,UPI20250828000655,22:49:18,Debit,Adult,1,1,1,-1,Suspicious
15627.1,ICICI Bank,Punjab National Bank,Jaipur,INR,CUST68872768301,66,iOS,Male,CUST55777500126,Individual Transfer,QR Scan,P2P,Loan Repayment,361019.52,success,2025-09-12,UPI20250912000697,15:25:50,Debit,Senior,1,1,0,-1,Suspicious
30468.59,ICICI Bank,IndusInd Bank,Delhi,INR,CUST46298022465,44,Android,Male,CUST54389308506,Individual Transfer,UPI ID,P2P,Rent,34603.94,success,2025-07-28,UPI20250728000740,10:52:46,Debit,Adult,1,1,0,-1,Suspicious
13645.0,Bank of Baroda,IndusInd Bank,Jaipur,INR,CUST33927448413,28,Android,Male,CUST20480328816,Individual Transfer,Bank Account,P2P,Salary Transfer,1407.09,success,2025-11-09,UPI20251109000780,18:07:11,Debit,Adult,1,1,0,-1,Suspicious
19415.14,HDFC Bank,Punjab National Bank,Indore,INR,CUST64609933445,53,Android,Female,CUST10522709173,Individual Transfer,QR Scan,P2P,Loan Repayment,325261.09,success,2025-01-24,UPI20250124000826,21:32:53,Debit,Senior,1,1,0,-1,Suspicious
16426.34,IDFC FIRST Bank,State Bank of India,Jaipur,INR,CUST49895848286,18,POS Device,Male,CUST10966489211,Individual Transfer,Bank Account,P2P,Loan Repayment,320262.23,success,2025-05-04,UPI20250504000848,23:32:17,Debit,Young,1,1,0,-1,Suspicious
13922.97,HDFC Bank,Axis Bank,Chennai,INR,CUST11049197365,18,iOS,Female,MERC2087815852,Flipkart,UPI ID,P2M,Education,22646.83,success,2025-02-05,UPI20250205000850,03:50:02,Debit,Young,1,1,0,-1,Suspicious
15077.41,Canara Bank,Axis Bank,Kolkata,INR,CUST98821110418,25,POS Device,Male,CUST16434098620,Individual Transfer,QR Scan,P2P,Salary Transfer,159731.2,success,2025-12-03,UPI20251203000869,12:57:11,Credit,Adult,1,1,0,-1,Suspicious
11669.52,IndusInd Bank,Union Bank of India,Kolkata,INR,CUST84501863046,64,Android,Male,CUST21776747151,Individual Transfer,Bank Account,P2P,Rent,12480.2,failed,2025-06-27,UPI20250627001043,07:22:24,Debit,Senior,0,1,0,-1,Suspicious
12626.07,ICICI Bank,Canara Bank,Chennai,INR,CUST26567699417,70,iOS,Female,CUST98366710587,Individual Transfer,UPI ID,P2P,Loan Repayment,178767.8,success,2025-01-12,UPI20250112001052,17:21:10,Debit,Senior,1,1,0,-1,Suspicious
19834.94,State Bank of India,Yes Bank,Pune,INR,CUST57476433587,54,Android,Male,CUST72391097139,Individual Transfer,QR Scan,P2P,Loan Repayment,151816.59,success,2025-02-04,UPI20250204001056,15:43:46,Debit,Senior,1,1,0,-1,Suspicious
16066.69,ICICI Bank,ICICI Bank,Hyderabad,INR,CUST39348318917,44,POS Device,Male,CUST79585303139,Individual Transfer,QR Scan,P2P,Gift,2489.3,success,2025-06-04,UPI20250604001074,12:49:32,Debit,Adult,1,1,0,-1,Suspicious
23056.47,HDFC Bank,Axis Bank,Patna,INR,CUST56356779472,30,POS Device,Female,CUST17949261938,Individual Transfer,Bank Account,P2P,Salary Transfer,489403.05,pending,2025-02-09,UPI20250209001089,12:19:56,Debit,Adult,0,1,0,-1,Suspicious
13578.13,Canara Bank,HDFC Bank,Surat,INR,CUST14674113919,61,iOS,Female,CUST61451466957,Individual Transfer,QR Scan,P2P,Loan Repayment,419875.6,success,2025-10-20,UPI20251020001174,12:29:57,Debit,Senior,1,1,0,-1,Suspicious
40767.79,ICICI Bank,Yes Bank,Mumbai,INR,CUST88030454533,32,POS Device,Male,CUST41555013516,Individual Transfer,Mobile Number,P2P,Salary Transfer,120421.2,pending,2025-05-04,UPI20250504001224,15:45:24,Debit,Adult,0,1,0,-1,Suspicious
32054.42,Yes Bank,Kotak Mahindra Bank,Nagpur,INR,CUST18895763847,28,Web,Female,CUST94154434987,Individual Transfer,UPI ID,P2P,Loan Repayment,184089.75,success,2025-12-24,UPI20251224001322,07:09:09,Debit,Adult,1,1,1,-1,Suspicious
18817.63,ICICI Bank,Canara Bank,Lucknow,INR,CUST41968736148,57,Android,Other,CUST11037329488,Individual Transfer,Bank Account,P2P,Salary Transfer,203859.38,success,2025-03-18,UPI20250318001453,07:27:11,Credit,Senior,1,1,0,-1,Suspicious
13921.38,ICICI Bank,HDFC Bank,Ahmedabad,INR,CUST82870934891,69,POS Device,Male,CUST51480037504,Individual Transfer,QR Scan,P2P,Rent,44602.2,success,2025-04-14,UPI20250414001499,11:58:16,Debit,Senior,1,1,0,-1,Suspicious
11889.61,IndusInd Bank,ICICI Bank,Kochi,INR,CUST94360385106,19,iOS,Male,CUST54060773513,Individual Transfer,Mobile Number,P2P,Loan Repayment,428814.67,success,2025-11-28,UPI20251128001510,00:46:17,Debit,Young,1,1,0,-1,Suspicious
36258.92,ICICI Bank,State Bank of India,Ahmedabad,INR,CUST26059808596,27,Android,Male,CUST12463322910,Individual Transfer,UPI ID,P2P,Salary Transfer,389798.8,success,2025-05-19,UPI20250519001551,10:43:16,Credit,Adult,1,1,0,-1,Suspicious
61546.68,Axis Bank,Kotak Mahindra Bank,Kochi,INR,CUST41341007419,56,Web,Female,CUST98794096153,Individual Transfer,QR Scan,P2P,Rent,463787.98,success,2025-03-05,UPI20250305001614,18:49:03,Credit,Senior,1,1,1,-1,Suspicious
30430.73,HDFC Bank,IndusInd Bank,Ahmedabad,INR,CUST98360871399,58,POS Device,Female,CUST67658006137,Individual Transfer,Mobile Number,P2P,Loan Repayment,372210.08,success,2025-01-16,UPI20250116001795,19:11:15,Credit,Senior,1,1,0,-1,Suspicious
15083.45,Canara Bank,Punjab National Bank,Mumbai,INR,CUST12326593388,69,iOS,Male,CUST63989120632,Individual Transfer,UPI ID,P2P,Rent,167303.61,failed,2025-05-02,UPI20250502001827,10:56:50,Debit,Senior,0,1,0,-1,Suspicious
18229.81,Punjab National Bank,ICICI Bank,Chandigarh,INR,CUST72935344577,63,iOS,Male,CUST81398253535,Individual Transfer,QR Scan,P2P,Loan Repayment,157300.92,success,2025-01-21,UPI20250121001858,15:40:11,Debit,Senior,1,1,0,-1,Suspicious
12125.37,Kotak Mahindra Bank,HDFC Bank,Bengaluru,INR,CUST96167553829,65,Android,Female,CUST28441955497,Individual Transfer,Bank Account,P2P,Salary Transfer,464623.31,success,2025-08-31,UPI20250831001872,12:18:42,Debit,Senior,1,1,0,-1,Suspicious
10339.81,IndusInd Bank,Union Bank of India,Kochi,INR,CUST83493229291,18,Web,Male,MERC3262966709,MakeMyTrip,Mobile Number,P2M,Healthcare,184047.78,success,2025-12-17,UPI20251217001875,06:30:34,Debit,Young,1,1,0,-1,Suspicious
33653.86,Canara Bank,State Bank of India,Chandigarh,INR,CUST33865663629,65,POS Device,Female,CUST76148910850,Individual Transfer,Mobile Number,P2P,Salary Transfer,228611.49,success,2025-10-12,UPI20251012001927,04:04:36,Debit,Senior,1,1,0,-1,Suspicious
29147.2,IDFC FIRST Bank,Yes Bank,Noida,INR,CUST75476673965,68,Android,Male,CUST93206242534,Individual Transfer,Bank Account,P2P,Loan Repayment,180781.07,success,2025-08-01,UPI20250801001938,00:34:38,Debit,Senior,1,1,0,-1,Suspicious
46122.85,IndusInd Bank,HDFC Bank,Gurugram,INR,CUST15794167066,65,iOS,Male,CUST24360419391,Individual Transfer,Bank Account,P2P,Salary Transfer,220909.75,success,2025-09-25,UPI20250925002016,16:38:00,Debit,Senior,1,1,0,-1,Suspicious
14863.6,Canara Bank,Yes Bank,Noida,INR,CUST83520480437,68,Android,Female,CUST90913806329,Individual Transfer,QR Scan,P2P,Loan Repayment,404077.52,success,2025-03-14,UPI20250314002025,01:11:59,Debit,Senior,1,1,0,-1,Suspicious
19015.49,Canara Bank,IDFC FIRST Bank,Delhi,INR,CUST85042413412,18,Web,Female,CUST42197265338,Individual Transfer,UPI ID,P2P,Rent,276604.25,success,2025-05-11,UPI20250511002072,18:03:37,Debit,Young,1,1,1,-1,Suspicious
14555.57,Kotak Mahindra Bank,IDFC FIRST Bank,Ahmedabad,INR,CUST58485779081,24,POS Device,Other,CUST20737169922,Individual Transfer,Bank Account,P2P,Rent,392804.1,success,2025-06-17,UPI20250617002124,17:11:12,Credit,Young,1,1,0,-1,Suspicious
31709.87,Canara Bank,HDFC Bank,Hyderabad,INR,CUST20499544188,18,POS Device,Female,CUST94963849626,Individual Transfer,Bank Account,P2P,Rent,219542.81,success,2025-06-11,UPI20250611002187,16:11:54,Credit,Young,1,1,0,-1,Suspicious
8177.7,HDFC Bank,ICICI Bank,Delhi,INR,CUST88936358721,18,POS Device,Female,CUST25410437585,Individual Transfer,Bank Account,P2P,Rent,37792.99,success,2025-03-28,UPI20250328002321,18:35:53,Debit,Young,1,1,0,-1,Suspicious
13985.33,IDFC FIRST Bank,Kotak Mahindra Bank,Mumbai,INR,CUST26950463179,25,Web,Male,MERC8014883867,Netflix,QR Scan,P2M,Education,167338.43,success,2025-09-10,UPI20250910002327,09:26:19,Debit,Adult,1,1,0,-1,Suspicious
52990.11,Kotak Mahindra Bank,IndusInd Bank,Mumbai,INR,CUST78766017415,28,POS Device,Male,CUST64146032156,Individual Transfer,QR Scan,P2P,Loan Repayment,79873.15,success,2025-02-23,UPI20250223002521,14:09:40,Debit,Adult,1,1,0,-1,Suspicious
31143.07,Canara Bank,Axis Bank,Jaipur,INR,CUST64682694052,67,iOS,Male,CUST24448227811,Individual Transfer,Bank Account,P2P,Salary Transfer,183089.22,success,2025-02-08,UPI20250208002527,20:17:02,Credit,Senior,1,1,0,-1,Suspicious
94016.34,Yes Bank,Canara Bank,Kochi,INR,CUST15229958190,52,Web,Male,CUST54815526345,Individual Transfer,Bank Account,P2P,Rent,358013.25,pending,2025-06-29,UPI20250629002651,11:46:29,Debit,Senior,0,1,1,-1,Suspicious
10606.34,State Bank of India,Canara Bank,Bhopal,INR,CUST70414435538,26,Android,Female,CUST98235951695,Individual Transfer,Bank Account,P2P,Rent,24998.03,success,2025-11-30,UPI20251130002725,16:07:45,Debit,Adult,1,1,0,-1,Suspicious
20359.64,Yes Bank,Bank of Baroda,Nagpur,INR,CUST44490853846,34,iOS,Male,CUST22475872678,Individual Transfer,Bank Account,P2P,Salary Transfer,472675.41,failed,2025-01-28,UPI20250128002736,11:47:57,Debit,Adult,0,1,0,-1,Suspicious
9609.07,Canara Bank,Punjab National Bank,Bhopal,INR,CUST23421644515,70,Web,Male,MERC9742881367,MedPlus,Bank Account,P2M,Travel,456026.2,success,2025-07-20,UPI20250720002743,22:47:06,Debit,Senior,1,1,0,-1,Suspicious
16575.36,State Bank of India,Axis Bank,Pune,INR,CUST91219627408,65,iOS,Male,CUST59592413380,Individual Transfer,Mobile Number,P2P,Rent,406653.08,success,2025-11-05,UPI20251105002834,21:30:02,Debit,Senior,1,1,0,-1,Suspicious
16759.05,HDFC Bank,IndusInd Bank,Jaipur,INR,CUST56610632159,23,POS Device,Male,MERC5903829831,Reliance Digital,Bank Account,P2M,Food,69180.56,success,2025-12-31,UPI20251231002913,12:24:22,Debit,Young,1,1,0,-1,Suspicious
13003.67,State Bank of India,ICICI Bank,Pune,INR,CUST90395447821,20,POS Device,Female,CUST40585139447,Individual Transfer,UPI ID,P2P,Rent,331875.84,success,2025-01-20,UPI20250120002948,18:46:33,Debit,Young,1,1,0,-1,Suspicious
75541.75,Canara Bank,Union Bank of India,Lucknow,INR,CUST78804775062,59,POS Device,Female,CUST52975830453,Individual Transfer,Bank Account,P2P,Loan Repayment,123480.11,success,2025-04-10,UPI20250410002976,17:26:05,Debit,Senior,1,1,0,-1,Suspicious
16332.55,Yes Bank,Yes Bank,Jaipur,INR,CUST64883607585,62,POS Device,Male,CUST14451247819,Individual Transfer,Mobile Number,P2P,Personal Transfer,447535.37,success,2025-12-18,UPI20251218003145,09:51:09,Debit,Senior,1,1,0,-1,Suspicious
20628.77,ICICI Bank,Punjab National Bank,Chennai,INR,CUST67489026315,50,Android,Male,CUST36644556718,Individual Transfer,UPI ID,P2P,Salary Transfer,215017.92,success,2025-10-25,UPI20251025003253,18:55:47,Debit,Senior,1,1,0,-1,Suspicious
25676.62,State Bank of India,Union Bank of India,Pune,INR,CUST66881745154,18,POS Device,Female,CUST26967496395,Individual Transfer,Bank Account,P2P,Loan Repayment,65514.35,success,2025-01-13,UPI20250113003310,20:27:15,Debit,Young,1,1,0,-1,Suspicious
11856.9,Canara Bank,Axis Bank,Bhopal,INR,CUST51934930655,68,Web,Male,CUST22263380249,Individual Transfer,QR Scan,P2P,Loan Repayment,11214.17,success,2025-11-02,UPI20251102003359,06:12:11,Debit,Senior,1,1,1,-1,Suspicious
11074.08,State Bank of India,Punjab National Bank,Chennai,INR,CUST89946521296,23,iOS,Male,CUST99444029967,Individual Transfer,QR Scan,P2P,Rent,81778.39,success,2025-02-16,UPI20250216003435,15:22:18,Debit,Young,1,1,0,-1,Suspicious
19028.99,IndusInd Bank,Punjab National Bank,Patna,INR,CUST38598310019,66,Android,Male,CUST17819303062,Individual Transfer,UPI ID,P2P,Rent,226412.2,success,2025-05-08,UPI20250508003515,16:16:04,Debit,Senior,1,1,0,-1,Suspicious
18541.31,State Bank of India,Canara Bank,Ahmedabad,INR,CUST34251051337,48,Web,Male,CUST20419102669,Individual Transfer,Mobile Number,P2P,Salary Transfer,440828.53,success,2025-11-08,UPI20251108003535,10:56:41,Debit,Senior,1,1,1,-1,Suspicious
49969.42,Union Bank of India,IDFC FIRST Bank,Gurugram,INR,CUST31403214275,57,Android,Female,CUST88053433379,Individual Transfer,Mobile Number,P2P,Rent,186545.95,success,2025-06-25,UPI20250625003568,14:42:50,Debit,Senior,1,1,0,-1,Suspicious
27186.47,State Bank of India,IDFC FIRST Bank,Lucknow,INR,CUST89107120402,28,POS Device,Female,MERC2545326634,Amazon India,UPI ID,P2M,Travel,364085.23,success,2025-01-13,UPI20250113003581,19:57:10,Debit,Adult,1,1,0,-1,Suspicious
33927.13,Axis Bank,ICICI Bank,Surat,INR,CUST17928928196,20,Web,Female,CUST28603615241,Individual Transfer,QR Scan,P2P,Rent,286651.74,success,2025-07-14,UPI20250714003663,19:32:35,Debit,Young,1,1,1,-1,Suspicious
12141.72,ICICI Bank,Yes Bank,Gurugram,INR,CUST32289427037,28,iOS,Male,MERC4254248749,MakeMyTrip,QR Scan,P2M,Healthcare,508236.21,success,2025-07-12,UPI20250712003678,20:58:16,Credit,Adult,1,1,0,-1,Suspicious
18551.12,State Bank of India,Axis Bank,Kolkata,INR,CUST58890280579,47,iOS,Male,CUST20144949913,Individual Transfer,QR Scan,P2P,Rent,132485.36,success,2025-10-12,UPI20251012003899,17:04:43,Debit,Senior,1,1,0,-1,Suspicious
18560.16,IDFC FIRST Bank,Punjab National Bank,Kolkata,INR,CUST70511364419,57,POS Device,Male,MERC6432481816,D-Mart,QR Scan,P2M,Travel,114699.35,success,2025-06-08,UPI20250608003904,17:38:45,Credit,Senior,1,1,0,-1,Suspicious
18012.57,IDFC FIRST Bank,Bank of Baroda,Patna,INR,CUST72956790285,45,POS Device,Female,CUST49026970274,Individual Transfer,UPI ID,P2P,Rent,312664.88,success,2025-09-18,UPI20250918003967,20:58:12,Debit,Senior,1,1,0,-1,Suspicious
10424.76,Union Bank of India,State Bank of India,Pune,INR,CUST44968749179,70,POS Device,Male,CUST25876794563,Individual Transfer,QR Scan,P2P,Rent,425804.41,success,2025-05-08,UPI20250508004101,11:56:12,Debit,Senior,1,1,0,-1,Suspicious
22884.99,State Bank of India,Canara Bank,Bengaluru,INR,CUST96255888175,70,Web,Female,CUST40720539380,Individual Transfer,Bank Account,P2P,Salary Transfer,399567.9,success,2025-06-28,UPI20250628004140,19:07:28,Debit,Senior,1,1,1,-1,Suspicious
32993.39,Yes Bank,Kotak Mahindra Bank,Mumbai,INR,CUST57666947457,62,POS Device,Female,CUST17852861435,Individual Transfer,Mobile Number,P2P,Loan Repayment,143943.02,success,2025-08-19,UPI20250819004241,17:52:57,Debit,Senior,1,1,0,-1,Suspicious
23312.92,Axis Bank,IDFC FIRST Bank,Delhi,INR,CUST62831231145,66,Web,Female,CUST90646648769,Individual Transfer,UPI ID,P2P,Salary Transfer,445332.23,success,2025-03-29,UPI20250329004292,12:08:56,Debit,Senior,1,1,1,-1,Suspicious
24281.16,Axis Bank,Kotak Mahindra Bank,Noida,INR,CUST59054307688,55,Android,Male,CUST81306235664,Individual Transfer,Mobile Number,P2P,Rent,66907.22,success,2025-10-05,UPI20251005004397,06:52:29,Debit,Senior,1,1,0,-1,Suspicious
21775.75,Axis Bank,ICICI Bank,Ahmedabad,INR,CUST21314498069,64,Android,Male,CUST83035877992,Individual Transfer,Mobile Number,P2P,Loan Repayment,293009.58,success,2025-07-19,UPI20250719004410,12:21:05,Debit,Senior,1,1,0,-1,Suspicious
15101.57,Yes Bank,Axis Bank,Patna,INR,CUST17015679674,63,Web,Male,CUST41345548803,Individual Transfer,Mobile Number,P2P,Salary Transfer,176518.1,success,2025-08-14,UPI20250814004425,06:22:46,Debit,Senior,1,1,1,-1,Suspicious
65171.87,ICICI Bank,Kotak Mahindra Bank,Coimbatore,INR,CUST43242152266,41,iOS,Male,CUST79850793813,Individual Transfer,Mobile Number,P2P,Loan Repayment,388670.17,success,2025-07-25,UPI20250725004447,09:02:41,Debit,Adult,1,1,0,-1,Suspicious
26000.43,IndusInd Bank,ICICI Bank,Coimbatore,INR,CUST26879628071,66,POS Device,Male,CUST83587875044,Individual Transfer,QR Scan,P2P,Salary Transfer,328029.11,failed,2025-12-15,UPI20251215004449,18:21:42,Debit,Senior,0,1,0,-1,Suspicious
32138.68,Axis Bank,IndusInd Bank,Ahmedabad,INR,CUST27782691241,49,POS Device,Male,CUST68504262637,Individual Transfer,Bank Account,P2P,Loan Repayment,107478.59,success,2025-10-29,UPI20251029004475,13:40:37,Debit,Senior,1,1,0,-1,Suspicious
8849.61,Axis Bank,Canara Bank,Kochi,INR,CUST44348729600,18,POS Device,Male,CUST12632658287,Individual Transfer,QR Scan,P2P,Loan Repayment,55979.76,success,2025-08-15,UPI20250815004488,22:50:25,Debit,Young,1,1,0,-1,Suspicious
20068.16,Punjab National Bank,IndusInd Bank,Gurugram,INR,CUST93803907342,69,iOS,Female,MERC6682134558,Reliance Digital,Mobile Number,P2M,Education,144243.4,success,2025-01-14,UPI20250114004539,13:13:44,Debit,Senior,1,1,0,-1,Suspicious
18782.66,HDFC Bank,Canara Bank,Patna,INR,CUST77137866793,46,POS Device,Female,CUST26363600159,Individual Transfer,Mobile Number,P2P,Loan Repayment,280493.49,success,2025-10-22,UPI20251022004689,10:55:58,Debit,Senior,1,1,0,-1,Suspicious
16721.95,Union Bank of India,Axis Bank,Chennai,INR,CUST65671625085,37,Web,Male,CUST73482659716,Individual Transfer,QR Scan,P2P,Loan Repayment,24453.51,success,2025-02-19,UPI20250219004697,19:30:48,Debit,Adult,1,1,1,-1,Suspicious
17544.86,Kotak Mahindra Bank,Axis Bank,Bhopal,INR,CUST31302166011,50,Web,Female,MERC5723994552,Swiggy,UPI ID,P2M,Travel,373012.24,success,2025-05-25,UPI20250525004698,16:25:50,Debit,Senior,1,1,0,-1,Suspicious
11349.9,Canara Bank,Kotak Mahindra Bank,Ahmedabad,INR,CUST67707327140,70,POS Device,Female,MERC8331689990,Uber,QR Scan,P2M,Bills,481418.49,success,2025-04-27,UPI20250427004725,06:46:22,Debit,Senior,1,1,0,-1,Suspicious
21560.14,ICICI Bank,Kotak Mahindra Bank,Noida,INR,CUST99188984281,63,Android,Male,CUST74565704605,Individual Transfer,UPI ID,P2P,Rent,331717.28,success,2025-10-06,UPI20251006004971,15:47:32,Debit,Senior,1,1,0,-1,Suspicious
83484.82,State Bank of India,Yes Bank,Surat,INR,CUST92035362906,30,iOS,Female,CUST93196850282,Individual Transfer,UPI ID,P2P,Loan Repayment,192260.73,success,2025-03-16,UPI20250316004977,12:20:41,Debit,Adult,1,1,0,-1,Suspicious
26972.55,IDFC FIRST Bank,HDFC Bank,Jaipur,INR,CUST25331221026,44,Android,Female,CUST95433169273,Individual Transfer,Bank Account,P2P,Salary Transfer,235646.92,success,2025-02-16,UPI20250216005120,19:20:00,Debit,Adult,1,1,0,-1,Suspicious
37746.53,IndusInd Bank,HDFC Bank,Indore,INR,CUST92237808929,39,iOS,Female,CUST53774746014,Individual Transfer,Bank Account,P2P,Loan Repayment,227452.96,success,2025-03-21,UPI20250321005138,18:48:49,Debit,Adult,1,1,0,-1,Suspicious
10974.56,Canara Bank,State Bank of India,Pune,INR,CUST12458583307,26,Web,Female,CUST35549537676,Individual Transfer,Mobile Number,P2P,Salary Transfer,47498.06,success,2025-11-28,UPI20251128005142,21:54:44,Debit,Adult,1,1,1,-1,Suspicious
36549.52,IDFC FIRST Bank,Kotak Mahindra Bank,Mumbai,INR,CUST46021131435,45,Android,Male,CUST57462799746,Individual Transfer,Mobile Number,P2P,Loan Repayment,117543.84,success,2025-11-05,UPI20251105005247,21:03:29,Debit,Senior,1,1,0,-1,Suspicious
10015.13,IDFC FIRST Bank,Bank of Baroda,Ahmedabad,INR,CUST35796498912,18,iOS,Male,CUST19983747224,Individual Transfer,UPI ID,P2P,Loan Repayment,209464.22,success,2025-03-14,UPI20250314005255,18:52:21,Debit,Young,1,1,0,-1,Suspicious
17168.04,Bank of Baroda,Kotak Mahindra Bank,Kochi,INR,CUST47273091132,70,iOS,Male,MERC4055806852,Netflix,UPI ID,P2M,Travel,473022.5,success,2025-10-23,UPI20251023005267,18:16:20,Debit,Senior,1,1,0,-1,Suspicious
36035.65,HDFC Bank,Canara Bank,Noida,INR,CUST39596029186,30,iOS,Male,CUST15673393461,Individual Transfer,Bank Account,P2P,Loan Repayment,82792.4,success,2025-11-11,UPI20251111005420,17:08:04,Debit,Adult,1,1,0,-1,Suspicious
26763.97,Bank of Baroda,IDFC FIRST Bank,Jaipur,INR,CUST26897534568,66,Web,Female,CUST15874680303,Individual Transfer,Bank Account,P2P,Rent,100298.04,success,2025-03-18,UPI20250318005436,18:55:08,Credit,Senior,1,1,1,-1,Suspicious
50137.95,ICICI Bank,IDFC FIRST Bank,Indore,INR,CUST95542584950,66,POS Device,Male,CUST82538787904,Individual Transfer,QR Scan,P2P,Rent,285123.26,success,2025-06-17,UPI20250617005452,10:30:22,Debit,Senior,1,1,0,-1,Suspicious
26546.14,IDFC FIRST Bank,HDFC Bank,Noida,INR,CUST74778792667,61,Web,Male,MERC8521047282,Zomato,QR Scan,P2M,Travel,144348.16,success,2025-05-18,UPI20250518005464,09:55:25,Debit,Senior,1,1,0,-1,Suspicious
25286.08,Axis Bank,Bank of Baroda,Patna,INR,CUST79440760239,24,Web,Female,CUST58900430572,Individual Transfer,UPI ID,P2P,Loan Repayment,202090.6,success,2025-01-18,UPI20250118005481,16:23:40,Debit,Young,1,1,1,-1,Suspicious
17346.53,Canara Bank,ICICI Bank,Surat,INR,CUST87440151486,43,iOS,Female,CUST27251671163,Individual Transfer,UPI ID,P2P,Loan Repayment,444509.87,success,2025-01-18,UPI20250118005516,11:12:40,Debit,Adult,1,1,0,-1,Suspicious
20510.12,Axis Bank,IDFC FIRST Bank,Hyderabad,INR,CUST57155638903,46,iOS,Male,CUST78986661948,Individual Transfer,Mobile Number,P2P,Rent,82108.03,success,2025-10-28,UPI20251028005578,20:23:23,Debit,Senior,1,1,0,-1,Suspicious
164573.44,Union Bank of India,Kotak Mahindra Bank,Ahmedabad,INR,CUST21264221763,69,POS Device,Male,CUST90849878234,Individual Transfer,UPI ID,P2P,Salary Transfer,370860.46,pending,2025-04-26,UPI20250426005594,11:17:49,Debit,Senior,0,1,0,-1,Suspicious
21411.99,Yes Bank,IDFC FIRST Bank,Jaipur,INR,CUST66868552920,27,iOS,Female,CUST88697385011,Individual Transfer,UPI ID,P2P,Salary Transfer,333100.2,success,2025-08-09,UPI20250809005633,21:10:40,Debit,Adult,1,1,0,-1,Suspicious
31796.36,Union Bank of India,Kotak Mahindra Bank,Kolkata,INR,CUST42435547333,20,Web,Male,CUST76853595284,Individual Transfer,UPI ID,P2P,Loan Repayment,140566.21,success,2025-08-27,UPI20250827005757,19:22:51,Debit,Young,1,1,1,-1,Suspicious
45027.63,IndusInd Bank,IDFC FIRST Bank,Gurugram,INR,CUST95748976651,43,POS Device,Female,CUST96495598885,Individual Transfer,UPI ID,P2P,Rent,392654.82,success,2025-04-14,UPI20250414005863,19:25:58,Debit,Adult,1,1,0,-1,Suspicious
20498.87,Bank of Baroda,ICICI Bank,Lucknow,INR,CUST24481111332,34,Android,Male,CUST18973808923,Individual Transfer,UPI ID,P2P,Gift,368586.65,success,2025-08-26,UPI20250826005894,16:57:53,Debit,Adult,1,1,0,-1,Suspicious
14622.1,ICICI Bank,Yes Bank,Kolkata,INR,CUST18552832163,27,iOS,Male,CUST88601314300,Individual Transfer,Bank Account,P2P,Rent,147195.54,success,2025-01-23,UPI20250123005896,21:44:50,Debit,Adult,1,1,0,-1,Suspicious
15574.76,Bank of Baroda,ICICI Bank,Pune,INR,CUST26028175291,48,Web,Male,CUST79847957275,Individual Transfer,QR Scan,P2P,Loan Repayment,478018.89,success,2025-08-31,UPI20250831005901,07:22:44,Debit,Senior,1,1,1,-1,Suspicious
27478.48,Canara Bank,Punjab National Bank,Ahmedabad,INR,CUST16505813707,25,iOS,Male,MERC8050976791,Spotify,UPI ID,P2M,Bills,160173.5,success,2025-10-13,UPI20251013005942,11:33:16,Debit,Adult,1,1,0,-1,Suspicious
21460.76,HDFC Bank,Canara Bank,Noida,INR,CUST15630453384,27,Web,Female,CUST51485993843,Individual Transfer,QR Scan,P2P,Rent,207075.68,failed,2025-02-28,UPI20250228005947,14:55:47,Debit,Adult,0,1,1,-1,Suspicious
14544.77,IndusInd Bank,Yes Bank,Indore,INR,CUST13126014455,35,POS Device,Male,CUST44221493786,Individual Transfer,Mobile Number,P2P,Salary Transfer,445783.34,success,2025-05-18,UPI20250518005953,17:42:59,Debit,Adult,1,1,0,-1,Suspicious
15219.63,Canara Bank,Bank of Baroda,Coimbatore,INR,CUST56464601997,70,Web,Male,CUST40651587799,Individual Transfer,QR Scan,P2P,Rent,71102.3,success,2025-07-23,UPI20250723005996,16:32:05,Debit,Senior,1,1,1,-1,Suspicious
107592.07,ICICI Bank,HDFC Bank,Jaipur,INR,CUST11791357815,21,iOS,Female,CUST99847273980,Individual Transfer,Bank Account,P2P,Salary Transfer,201095.41,success,2025-12-24,UPI20251224006011,11:36:45,Debit,Young,1,1,0,-1,Suspicious
15755.89,Punjab National Bank,ICICI Bank,Kochi,INR,CUST14245278487,28,Web,Male,CUST76468947064,Individual Transfer,QR Scan,P2P,Salary Transfer,123360.03,success,2025-11-20,UPI20251120006012,15:58:56,Debit,Adult,1,1,1,-1,Suspicious
12059.38,Canara Bank,Punjab National Bank,Indore,INR,CUST64208984766,49,Android,Female,CUST29770075465,Individual Transfer,Bank Account,P2P,Rent,505133.13,success,2025-10-15,UPI20251015006026,17:22:25,Credit,Senior,1,1,0,-1,Suspicious
61166.21,State Bank of India,Axis Bank,Chennai,INR,CUST54739057679,49,POS Device,Male,CUST31047613146,Individual Transfer,UPI ID,P2P,Salary Transfer,310895.2,success,2025-06-13,UPI20250613006045,05:27:13,Debit,Senior,1,1,0,-1,Suspicious
18743.39,Canara Bank,IndusInd Bank,Kochi,INR,CUST93198240655,40,POS Device,Male,CUST69997130183,Individual Transfer,QR Scan,P2P,Rent,27048.03,failed,2025-01-10,UPI20250110006058,17:31:31,Debit,Adult,0,1,0,-1,Suspicious
23198.64,Punjab National Bank,Canara Bank,Mumbai,INR,CUST21714167637,50,Android,Male,CUST28704349964,Individual Transfer,Mobile Number,P2P,Rent,196019.32,success,2025-12-17,UPI20251217006113,18:10:49,Debit,Senior,1,1,0,-1,Suspicious
53762.54,Union Bank of India,ICICI Bank,Kolkata,INR,CUST63612842902,40,Web,Male,CUST61861542663,Individual Transfer,UPI ID,P2P,Salary Transfer,81602.56,success,2025-12-24,UPI20251224006126,11:47:30,Debit,Adult,1,1,1,-1,Suspicious
19355.7,State Bank of India,Kotak Mahindra Bank,Lucknow,INR,CUST15075414306,45,iOS,Male,CUST97043218051,Individual Transfer,Bank Account,P2P,Loan Repayment,461230.71,success,2025-11-24,UPI20251124006156,17:30:36,Debit,Senior,1,1,0,-1,Suspicious
15752.07,State Bank of India,IndusInd Bank,Surat,INR,CUST20531349836,59,iOS,Female,CUST16425514666,Individual Transfer,QR Scan,P2P,Salary Transfer,406500.2,success,2025-12-26,UPI20251226006170,06:52:40,Credit,Senior,1,1,0,-1,Suspicious
18083.3,IDFC FIRST Bank,Union Bank of India,Surat,INR,CUST73032304937,52,POS Device,Female,CUST62330921971,Individual Transfer,UPI ID,P2P,Rent,86437.47,success,2025-11-18,UPI20251118006387,16:37:06,Debit,Senior,1,1,0,-1,Suspicious
11127.32,IDFC FIRST Bank,Bank of Baroda,Kochi,INR,CUST77562314074,66,iOS,Male,CUST86267276701,Individual Transfer,Mobile Number,P2P,Loan Repayment,477402.18,success,2025-07-20,UPI20250720006396,16:46:18,Debit,Senior,1,1,0,-1,Suspicious
14126.43,Bank of Baroda,HDFC Bank,Gurugram,INR,CUST65027316428,21,Web,Male,CUST73271470499,Individual Transfer,Bank Account,P2P,Split Expense,459170.69,success,2025-10-20,UPI20251020006411,21:55:08,Debit,Young,1,1,1,-1,Suspicious
22763.0,Bank of Baroda,Bank of Baroda,Kolkata,INR,CUST86633275084,19,Web,Female,CUST95763722350,Individual Transfer,QR Scan,P2P,Salary Transfer,41135.57,failed,2025-03-08,UPI20250308006474,10:03:37,Debit,Young,0,1,1,-1,Suspicious
7915.83,Axis Bank,Canara Bank,Patna,INR,CUST41707195937,18,iOS,Female,CUST75767677338,Individual Transfer,Bank Account,P2P,Rent,9382.54,success,2025-09-03,UPI20250903006497,17:55:01,Debit,Young,1,1,0,-1,Suspicious
20538.72,State Bank of India,IndusInd Bank,Patna,INR,CUST70029045598,67,POS Device,Male,CUST90586329051,Individual Transfer,QR Scan,P2P,Loan Repayment,468367.88,success,2025-01-24,UPI20250124006605,12:54:49,Credit,Senior,1,1,0,-1,Suspicious
55009.51,Bank of Baroda,Union Bank of India,Nagpur,INR,CUST14772881380,70,Android,Female,CUST58578415682,Individual Transfer,Bank Account,P2P,Rent,104855.86,success,2025-06-16,UPI20250616006661,10:55:04,Debit,Senior,1,1,0,-1,Suspicious
57583.09,Kotak Mahindra Bank,Union Bank of India,Indore,INR,CUST44303220084,18,POS Device,Female,CUST77472257217,Individual Transfer,UPI ID,P2P,Loan Repayment,91942.72,success,2025-01-29,UPI20250129006673,18:10:25,Debit,Young,1,1,0,-1,Suspicious
29664.98,IDFC FIRST Bank,ICICI Bank,Lucknow,INR,CUST84398122769,44,Web,Male,CUST98905017563,Individual Transfer,UPI ID,P2P,Loan Repayment,32585.65,success,2025-04-26,UPI20250426006674,16:25:11,Debit,Adult,1,1,1,-1,Suspicious
13640.12,Punjab National Bank,Union Bank of India,Kochi,INR,CUST36227527258,36,iOS,Male,CUST66031270961,Individual Transfer,Bank Account,P2P,Rent,28235.02,success,2025-10-17,UPI20251017006714,22:50:31,Debit,Adult,1,1,0,-1,Suspicious
47444.71,Union Bank of India,IDFC FIRST Bank,Kochi,INR,CUST63871408932,57,Web,Female,CUST29766340983,Individual Transfer,UPI ID,P2P,Rent,331002.04,success,2025-11-06,UPI20251106006721,13:56:33,Debit,Senior,1,1,1,-1,Suspicious
19510.08,Axis Bank,HDFC Bank,Gurugram,INR,CUST32736490411,62,Web,Female,CUST45917326040,Individual Transfer,Bank Account,P2P,Rent,494680.24,success,2025-08-18,UPI20250818006779,08:39:50,Credit,Senior,1,1,1,-1,Suspicious
20962.84,Axis Bank,IndusInd Bank,Mumbai,INR,CUST80593506071,43,Web,Male,CUST69759305452,Individual Transfer,UPI ID,P2P,Salary Transfer,180682.99,success,2025-09-04,UPI20250904006782,18:50:21,Debit,Adult,1,1,1,-1,Suspicious
20122.9,Kotak Mahindra Bank,Union Bank of India,Kolkata,INR,CUST50972118488,44,POS Device,Male,CUST63664450482,Individual Transfer,Mobile Number,P2P,Rent,381391.04,success,2025-11-15,UPI20251115006789,03:57:57,Debit,Adult,1,1,0,-1,Suspicious
16113.52,ICICI Bank,Punjab National Bank,Pune,INR,CUST30336306610,69,POS Device,Female,CUST27863080557,Individual Transfer,Bank Account,P2P,Salary Transfer,280036.38,success,2025-01-31,UPI20250131006851,16:33:47,Debit,Senior,1,1,0,-1,Suspicious
28596.08,ICICI Bank,Yes Bank,Surat,INR,CUST72451798342,27,iOS,Male,CUST57242968689,Individual Transfer,Bank Account,P2P,Rent,341692.32,success,2025-07-21,UPI20250721006931,21:15:27,Debit,Adult,1,1,0,-1,Suspicious
25808.5,Union Bank of India,Bank of Baroda,Kolkata,INR,CUST81924412847,68,iOS,Female,MERC3240540995,D-Mart,Bank Account,P2M,Education,150934.28,success,2025-05-04,UPI20250504007073,08:35:25,Debit,Senior,1,1,0,-1,Suspicious
42595.15,IDFC FIRST Bank,ICICI Bank,Bengaluru,INR,CUST81015806488,60,Android,Female,CUST83526006507,Individual Transfer,Bank Account,P2P,Loan Repayment,336227.09,success,2025-03-10,UPI20250310007114,21:04:17,Debit,Senior,1,1,0,-1,Suspicious
12445.41,Yes Bank,Union Bank of India,Jaipur,INR,CUST22052195968,65,POS Device,Male,CUST17921529934,Individual Transfer,UPI ID,P2P,Salary Transfer,13789.7,success,2025-12-21,UPI20251221007133,17:41:59,Debit,Senior,1,1,0,-1,Suspicious
17984.04,Punjab National Bank,Axis Bank,Surat,INR,CUST96442679778,28,POS Device,Female,CUST91459010618,Individual Transfer,Mobile Number,P2P,Salary Transfer,451701.08,pending,2025-07-27,UPI20250727007187,18:36:45,Debit,Adult,0,1,0,-1,Suspicious
29121.52,IDFC FIRST Bank,State Bank of India,Lucknow,INR,CUST96607933354,37,Web,Female,CUST73396335295,Individual Transfer,Bank Account,P2P,Loan Repayment,207778.55,success,2025-07-12,UPI20250712007205,15:19:21,Debit,Adult,1,1,1,-1,Suspicious
16639.53,Punjab National Bank,IndusInd Bank,Ahmedabad,INR,CUST82446141777,54,Android,Female,CUST36852299147,Individual Transfer,QR Scan,P2P,Rent,109121.38,success,2025-11-12,UPI20251112007236,10:42:58,Debit,Senior,1,1,0,-1,Suspicious
14929.27,Punjab National Bank,IndusInd Bank,Delhi,INR,CUST38970732313,32,Android,Male,CUST90560502740,Individual Transfer,Mobile Number,P2P,Salary Transfer,86929.11,success,2025-11-09,UPI20251109007372,10:02:04,Debit,Adult,1,1,0,-1,Suspicious
23058.72,IndusInd Bank,Canara Bank,Jaipur,INR,CUST90746651487,24,Web,Female,CUST61817510181,Individual Transfer,Mobile Number,P2P,Rent,144911.37,success,2025-08-07,UPI20250807007381,15:30:19,Debit,Young,1,1,1,-1,Suspicious
25603.53,IDFC FIRST Bank,Kotak Mahindra Bank,Kochi,INR,CUST63512962310,69,Android,Male,CUST12111519515,Individual Transfer,Bank Account,P2P,Rent,104586.3,success,2025-08-14,UPI20250814007433,20:38:58,Credit,Senior,1,1,0,-1,Suspicious
18499.11,Yes Bank,IDFC FIRST Bank,Pune,INR,CUST64260695147,31,Web,Female,CUST39283519625,Individual Transfer,Bank Account,P2P,Gift,457152.89,success,2025-03-20,UPI20250320007595,12:51:56,Debit,Adult,1,1,1,-1,Suspicious
18322.47,IndusInd Bank,Kotak Mahindra Bank,Nagpur,INR,CUST53060275927,30,Web,Male,CUST58644014967,Individual Transfer,Bank Account,P2P,Rent,150173.25,success,2025-01-10,UPI20250110007609,21:25:38,Debit,Adult,1,1,1,-1,Suspicious
19027.77,State Bank of India,Yes Bank,Bengaluru,INR,CUST42702768156,47,iOS,Female,CUST73254724574,Individual Transfer,Bank Account,P2P,Rent,252615.63,success,2025-05-19,UPI20250519007617,16:45:30,Debit,Senior,1,1,0,-1,Suspicious
35281.88,Canara Bank,ICICI Bank,Kochi,INR,CUST14581015218,51,Web,Male,CUST14446687054,Individual Transfer,UPI ID,P2P,Rent,427189.68,success,2025-06-25,UPI20250625007636,20:05:39,Debit,Senior,1,1,1,-1,Suspicious
23227.63,Union Bank of India,Punjab National Bank,Coimbatore,INR,CUST59779857353,57,iOS,Female,CUST27620243191,Individual Transfer,Bank Account,P2P,Salary Transfer,353563.13,success,2025-03-20,UPI20250320007812,14:57:22,Debit,Senior,1,1,0,-1,Suspicious
23379.41,IDFC FIRST Bank,ICICI Bank,Kochi,INR,CUST86717330977,65,iOS,Female,CUST31734490141,Individual Transfer,Bank Account,P2P,Salary Transfer,328747.62,success,2025-06-15,UPI20250615007932,17:21:14,Debit,Senior,1,1,0,-1,Suspicious
13659.34,Kotak Mahindra Bank,Punjab National Bank,Patna,INR,CUST28115642574,47,Web,Female,CUST14611673021,Individual Transfer,Bank Account,P2P,Salary Transfer,484685.1,success,2025-10-06,UPI20251006007948,00:45:27,Credit,Senior,1,1,1,-1,Suspicious
19688.41,Axis Bank,Kotak Mahindra Bank,Pune,INR,CUST34341952855,65,Web,Male,CUST84001357242,Individual Transfer,Bank Account,P2P,Rent,431412.93,success,2025-08-05,UPI20250805007973,16:58:17,Credit,Senior,1,1,1,-1,Suspicious
31744.9,IDFC FIRST Bank,Punjab National Bank,Chennai,INR,CUST94356224477,36,Web,Female,CUST12595972386,Individual Transfer,Mobile Number,P2P,Rent,171976.28,success,2025-03-24,UPI20250324008007,16:06:59,Debit,Adult,1,1,1,-1,Suspicious
25915.37,State Bank of India,Axis Bank,Lucknow,INR,CUST77245100908,69,iOS,Male,CUST53907667701,Individual Transfer,Bank Account,P2P,Rent,84173.8,success,2025-11-25,UPI20251125008033,13:51:24,Debit,Senior,1,1,0,-1,Suspicious
21571.52,Punjab National Bank,HDFC Bank,Coimbatore,INR,CUST16350270468,21,Web,Male,CUST88845528835,Individual Transfer,QR Scan,P2P,Rent,374719.24,success,2025-12-08,UPI20251208008062,04:26:58,Credit,Young,1,1,1,-1,Suspicious
18969.63,ICICI Bank,Canara Bank,Lucknow,INR,CUST22740531398,40,POS Device,Female,CUST84583959443,Individual Transfer,QR Scan,P2P,Family Support,402167.16,success,2025-12-23,UPI20251223008190,11:10:48,Debit,Adult,1,1,0,-1,Suspicious
27258.13,Bank of Baroda,ICICI Bank,Noida,INR,CUST88577706774,22,Web,Male,CUST61940693244,Individual Transfer,UPI ID,P2P,Rent,249243.89,success,2025-08-01,UPI20250801008224,10:17:30,Debit,Young,1,1,1,-1,Suspicious
27788.71,Bank of Baroda,ICICI Bank,Gurugram,INR,CUST74875175096,48,Android,Male,CUST12528831551,Individual Transfer,UPI ID,P2P,Salary Transfer,295318.17,success,2025-08-12,UPI20250812008249,16:39:08,Debit,Senior,1,1,0,-1,Suspicious
15658.43,Punjab National Bank,Canara Bank,Hyderabad,INR,CUST38618621773,60,Web,Male,MERC4885122102,Ola,Mobile Number,P2M,Healthcare,392554.64,success,2025-11-14,UPI20251114008305,10:49:19,Debit,Senior,1,1,0,-1,Suspicious
23221.25,IDFC FIRST Bank,IDFC FIRST Bank,Hyderabad,INR,CUST20096473336,25,POS Device,Female,CUST87473403757,Individual Transfer,UPI ID,P2P,Salary Transfer,386579.2,success,2025-10-11,UPI20251011008330,18:22:20,Credit,Adult,1,1,0,-1,Suspicious
40770.7,Axis Bank,Punjab National Bank,Hyderabad,INR,CUST70727812683,67,iOS,Male,CUST76027256889,Individual Transfer,Bank Account,P2P,Salary Transfer,176837.78,success,2025-02-14,UPI20250214008392,20:44:36,Debit,Senior,1,1,0,-1,Suspicious
15352.13,Punjab National Bank,IDFC FIRST Bank,Nagpur,INR,CUST25071717884,67,iOS,Male,CUST29344159334,Individual Transfer,UPI ID,P2P,Salary Transfer,67918.98,success,2025-06-04,UPI20250604008448,10:24:21,Debit,Senior,1,1,0,-1,Suspicious
28047.29,Kotak Mahindra Bank,IDFC FIRST Bank,Surat,INR,CUST94386315088,65,POS Device,Male,CUST34129068134,Individual Transfer,QR Scan,P2P,Rent,278719.33,success,2025-09-09,UPI20250909008479,14:06:24,Debit,Senior,1,1,0,-1,Suspicious
69686.78,IndusInd Bank,Bank of Baroda,Chandigarh,INR,CUST57232836186,27,Web,Male,CUST13095693706,Individual Transfer,Mobile Number,P2P,Loan Repayment,209849.04,success,2025-07-08,UPI20250708008486,18:00:47,Debit,Adult,1,1,1,-1,Suspicious
33682.24,Axis Bank,Kotak Mahindra Bank,Indore,INR,CUST89654129511,42,Web,Male,CUST95636834495,Individual Transfer,QR Scan,P2P,Loan Repayment,247958.56,success,2025-01-21,UPI20250121008691,22:21:48,Debit,Adult,1,1,1,-1,Suspicious
34775.57,Punjab National Bank,State Bank of India,Nagpur,INR,CUST40566126279,63,Android,Female,CUST83836530384,Individual Transfer,QR Scan,P2P,Rent,459998.47,success,2025-05-09,UPI20250509008738,20:19:52,Debit,Senior,1,1,0,-1,Suspicious
16386.56,Punjab National Bank,Union Bank of India,Surat,INR,CUST46843457524,62,Web,Male,MERC3875407146,Zomato,Mobile Number,P2M,Bills,427207.64,success,2025-05-02,UPI20250502008781,11:03:05,Credit,Senior,1,1,0,-1,Suspicious
13274.29,IDFC FIRST Bank,Union Bank of India,Pune,INR,CUST17195571152,19,POS Device,Male,CUST38138596513,Individual Transfer,Mobile Number,P2P,Rent,5505.68,success,2025-07-31,UPI20250731008853,08:09:17,Debit,Young,1,1,0,-1,Suspicious
82001.65,Axis Bank,IndusInd Bank,Chennai,INR,CUST83971890226,41,iOS,Female,CUST96260487010,Individual Transfer,UPI ID,P2P,Loan Repayment,245794.38,success,2025-10-10,UPI20251010008912,13:09:03,Debit,Adult,1,1,0,-1,Suspicious
16149.4,Canara Bank,HDFC Bank,Surat,INR,CUST24354457686,29,POS Device,Female,MERC3586196430,D-Mart,Mobile Number,P2M,Bills,229199.36,success,2025-08-21,UPI20250821008916,20:26:26,Debit,Adult,1,1,0,-1,Suspicious
47097.42,Yes Bank,Union Bank of India,Ahmedabad,INR,CUST37760267905,53,iOS,Female,CUST83866535347,Individual Transfer,QR Scan,P2P,Rent,398482.74,success,2025-08-16,UPI20250816008933,18:13:44,Debit,Senior,1,1,0,-1,Suspicious
40472.93,ICICI Bank,Kotak Mahindra Bank,Ahmedabad,INR,CUST62641038061,26,POS Device,Male,CUST46887238948,Individual Transfer,Bank Account,P2P,Salary Transfer,239968.42,success,2025-07-03,UPI20250703008940,18:44:41,Debit,Adult,1,1,0,-1,Suspicious
31584.9,IndusInd Bank,HDFC Bank,Jaipur,INR,CUST41097738650,18,Web,Male,CUST63737812726,Individual Transfer,Mobile Number,P2P,Rent,343726.82,success,2025-11-06,UPI20251106009031,20:53:36,Debit,Young,1,1,1,-1,Suspicious
18271.6,IndusInd Bank,ICICI Bank,Delhi,INR,CUST50144704719,20,POS Device,Male,CUST63148461693,Individual Transfer,Mobile Number,P2P,Rent,67710.59,success,2025-03-15,UPI20250315009145,15:48:59,Credit,Young,1,1,0,-1,Suspicious
33782.68,Kotak Mahindra Bank,IndusInd Bank,Delhi,INR,CUST49359974167,54,POS Device,Female,CUST50913369117,Individual Transfer,Mobile Number,P2P,Rent,125219.72,pending,2025-04-25,UPI20250425009149,13:56:06,Debit,Senior,0,1,0,-1,Suspicious
72192.93,Yes Bank,Axis Bank,Noida,INR,CUST67350466135,45,POS Device,Male,MERC9273820154,Amazon India,QR Scan,P2M,Travel,156434.58,success,2025-02-20,UPI20250220009272,16:39:57,Debit,Senior,1,1,0,-1,Suspicious
23329.61,IDFC FIRST Bank,Canara Bank,Hyderabad,INR,CUST80893563078,69,Android,Female,CUST59620684083,Individual Transfer,Bank Account,P2P,Salary Transfer,459353.06,success,2025-10-18,UPI20251018009287,15:28:16,Debit,Senior,1,1,0,-1,Suspicious
24837.47,Yes Bank,Punjab National Bank,Chandigarh,INR,CUST38862778393,57,POS Device,Male,CUST49372976121,Individual Transfer,Bank Account,P2P,Loan Repayment,280533.36,success,2025-01-16,UPI20250116009343,20:30:38,Debit,Senior,1,1,0,-1,Suspicious
19039.51,Bank of Baroda,ICICI Bank,Ahmedabad,INR,CUST14181396958,32,Web,Male,CUST21574305381,Individual Transfer,UPI ID,P2P,Rent,172042.56,success,2025-08-06,UPI20250806009401,19:07:45,Debit,Adult,1,1,1,-1,Suspicious
43188.14,State Bank of India,ICICI Bank,Gurugram,INR,CUST56887405441,46,Web,Female,CUST31494215652,Individual Transfer,Bank Account,P2P,Salary Transfer,465363.29,success,2025-01-24,UPI20250124009452,06:33:35,Credit,Senior,1,1,1,-1,Suspicious
22641.14,Canara Bank,Yes Bank,Mumbai,INR,CUST86893640804,29,Android,Female,CUST28694049724,Individual Transfer,UPI ID,P2P,Salary Transfer,321389.67,success,2025-04-19,UPI20250419009455,18:50:31,Debit,Adult,1,1,0,-1,Suspicious
16435.01,Yes Bank,Kotak Mahindra Bank,Delhi,INR,CUST16135768097,25,iOS,Male,CUST81894146998,Individual Transfer,QR Scan,P2P,Rent,133139.91,failed,2025-06-08,UPI20250608009477,13:10:06,Debit,Adult,0,1,0,-1,Suspicious
10263.33,Kotak Mahindra Bank,IndusInd Bank,Hyderabad,INR,CUST74265814391,68,Android,Female,CUST21248342883,Individual Transfer,Mobile Number,P2P,Loan Repayment,458704.67,failed,2025-04-26,UPI20250426009578,11:47:00,Debit,Senior,0,1,0,-1,Suspicious
20203.73,Punjab National Bank,ICICI Bank,Kolkata,INR,CUST29311433362,63,Android,Female,CUST58015526156,Individual Transfer,Bank Account,P2P,Rent,371541.18,success,2025-05-18,UPI20250518009623,08:52:35,Debit,Senior,1,1,0,-1,Suspicious
14188.45,HDFC Bank,Punjab National Bank,Lucknow,INR,CUST67416319598,63,POS Device,Male,CUST36703915911,Individual Transfer,Bank Account,P2P,Loan Repayment,53099.86,success,2025-01-26,UPI20250126009637,20:56:08,Debit,Senior,1,1,0,-1,Suspicious
17265.94,IndusInd Bank,Yes Bank,Chandigarh,INR,CUST65965025601,24,iOS,Female,CUST78583215906,Individual Transfer,UPI ID,P2P,Loan Repayment,470122.41,success,2025-12-10,UPI20251210009718,17:09:49,Debit,Young,1,1,0,-1,Suspicious
14391.52,Punjab National Bank,IDFC FIRST Bank,Surat,INR,CUST50736145026,56,iOS,Male,CUST10221548237,Individual Transfer,UPI ID,P2P,Rent,453969.56,success,2025-05-15,UPI20250515009720,11:30:05,Debit,Senior,1,1,0,-1,Suspicious
15543.9,Bank of Baroda,Kotak Mahindra Bank,Bengaluru,INR,CUST12916309771,65,Android,Female,CUST71872193356,Individual Transfer,Bank Account,P2P,Loan Repayment,303772.45,pending,2025-06-16,UPI20250616009842,16:54:54,Credit,Senior,0,1,0,-1,Suspicious
27070.85,State Bank of India,Axis Bank,Bhopal,INR,CUST99947731615,68,POS Device,Female,CUST16053752298,Individual Transfer,Mobile Number,P2P,Loan Repayment,207347.29,success,2025-04-20,UPI20250420009848,05:37:35,Credit,Senior,1,1,0,-1,Suspicious
34758.19,Yes Bank,IndusInd Bank,Coimbatore,INR,CUST79023108134,64,iOS,Male,MERC9247684284,Paytm Mall,Bank Account,P2M,Healthcare,146547.92,success,2025-11-01,UPI20251101009861,05:56:02,Credit,Senior,1,1,0,-1,Suspicious
84575.1,IDFC FIRST Bank,State Bank of India,Pune,INR,CUST60341883961,48,iOS,Female,CUST46653125371,Individual Transfer,UPI ID,P2P,Salary Transfer,197893.39,success,2025-12-27,UPI20251227010001,11:39:20,Debit,Senior,1,1,0,-1,Suspicious
22552.87,Axis Bank,Canara Bank,Nagpur,INR,CUST88622652087,55,Android,Female,CUST90488820750,Individual Transfer,Mobile Number,P2P,Rent,120844.33,success,2025-10-13,UPI20251013010146,09:12:21,Debit,Senior,1,1,0,-1,Suspicious
25467.62,Axis Bank,Bank of Baroda,Patna,INR,CUST23380330373,53,Web,Male,CUST67423305951,Individual Transfer,UPI ID,P2P,Loan Repayment,174411.78,success,2025-11-14,UPI20251114010165,07:42:55,Debit,Senior,1,1,1,-1,Suspicious
76635.05,Yes Bank,Axis Bank,Delhi,INR,CUST36699257589,35,iOS,Male,CUST98818578111,Individual Transfer,QR Scan,P2P,Salary Transfer,100703.91,success,2025-05-05,UPI20250505010175,19:26:19,Debit,Adult,1,1,0,-1,Suspicious
62800.61,IndusInd Bank,Yes Bank,Noida,INR,CUST49436433925,49,Android,Male,CUST90373246999,Individual Transfer,UPI ID,P2P,Loan Repayment,342367.25,success,2025-06-30,UPI20250630010180,15:11:48,Credit,Senior,1,1,0,-1,Suspicious
41951.1,Bank of Baroda,ICICI Bank,Indore,INR,CUST98940260101,55,iOS,Female,CUST62429452661,Individual Transfer,QR Scan,P2P,Loan Repayment,148766.76,failed,2025-09-21,UPI20250921010245,13:47:15,Debit,Senior,0,1,0,-1,Suspicious
26332.22,Canara Bank,HDFC Bank,Chennai,INR,CUST81294468375,21,Android,Male,MERC5120828698,MakeMyTrip,Mobile Number,P2M,Bills,322755.32,success,2025-05-14,UPI20250514010263,08:30:32,Debit,Young,1,1,0,-1,Suspicious
16957.26,IndusInd Bank,Kotak Mahindra Bank,Coimbatore,INR,CUST24403282480,43,Android,Male,CUST19242525890,Individual Transfer,UPI ID,P2P,Loan Repayment,164098.4,success,2025-02-26,UPI20250226010272,13:31:45,Debit,Adult,1,1,0,-1,Suspicious
16881.61,State Bank of India,ICICI Bank,Coimbatore,INR,CUST27714400618,32,Web,Female,CUST89539912197,Individual Transfer,QR Scan,P2P,Family Support,400087.16,success,2025-09-01,UPI20250901010288,14:48:31,Debit,Adult,1,1,1,-1,Suspicious
15104.15,State Bank of India,Union Bank of India,Delhi,INR,CUST48962314246,69,POS Device,Male,CUST74853443087,Individual Transfer,Bank Account,P2P,Rent,378572.38,failed,2025-09-15,UPI20250915010537,17:35:46,Debit,Senior,0,1,0,-1,Suspicious
19155.19,Axis Bank,ICICI Bank,Chandigarh,INR,CUST36441989291,49,Android,Female,CUST18354280389,Individual Transfer,Bank Account,P2P,Loan Repayment,319382.29,success,2025-06-14,UPI20250614010590,23:14:54,Debit,Senior,1,1,0,-1,Suspicious
24014.04,State Bank of India,Punjab National Bank,Delhi,INR,CUST74734623664,48,iOS,Male,CUST63236375996,Individual Transfer,Bank Account,P2P,Loan Repayment,62493.91,success,2025-10-12,UPI20251012010762,16:00:31,Credit,Senior,1,1,0,-1,Suspicious
22963.25,IDFC FIRST Bank,Kotak Mahindra Bank,Pune,INR,CUST49360867026,23,Web,Female,CUST64980229748,Individual Transfer,UPI ID,P2P,Loan Repayment,389312.93,success,2025-01-10,UPI20250110010836,20:25:49,Debit,Young,1,1,1,-1,Suspicious
43539.31,State Bank of India,Yes Bank,Nagpur,INR,CUST79085695592,34,Android,Male,CUST42284011787,Individual Transfer,Bank Account,P2P,Salary Transfer,51772.33,success,2025-03-28,UPI20250328010844,08:58:33,Debit,Adult,1,1,0,-1,Suspicious
77279.91,Bank of Baroda,Union Bank of India,Chandigarh,INR,CUST14877972790,24,Android,Male,CUST20915305170,Individual Transfer,QR Scan,P2P,Rent,69226.63,success,2025-08-06,UPI20250806010845,11:59:11,Debit,Young,1,1,0,-1,Suspicious
24903.67,Union Bank of India,Yes Bank,Kochi,INR,CUST29298745237,45,Web,Male,CUST29111725934,Individual Transfer,Bank Account,P2P,Loan Repayment,41702.83,failed,2025-05-30,UPI20250530010877,13:18:44,Debit,Senior,0,1,1,-1,Suspicious
24081.2,HDFC Bank,Axis Bank,Nagpur,INR,CUST56159130900,51,Web,Male,CUST10356115259,Individual Transfer,UPI ID,P2P,Salary Transfer,447897.97,success,2025-08-05,UPI20250805010900,14:51:55,Debit,Senior,1,1,1,-1,Suspicious
11250.44,Kotak Mahindra Bank,State Bank of India,Kolkata,INR,CUST76611267016,21,Android,Female,CUST45501184309,Individual Transfer,QR Scan,P2P,Loan Repayment,118355.77,success,2025-12-30,UPI20251230010914,14:03:08,Debit,Young,1,1,0,-1,Suspicious
37518.51,Punjab National Bank,IndusInd Bank,Nagpur,INR,CUST88110880732,54,POS Device,Female,CUST94729929781,Individual Transfer,Bank Account,P2P,Salary Transfer,194716.55,failed,2025-03-08,UPI20250308010933,20:26:47,Debit,Senior,0,1,0,-1,Suspicious
10221.94,Canara Bank,Canara Bank,Gurugram,INR,CUST91219638827,65,Android,Female,CUST57304611217,Individual Transfer,Bank Account,P2P,Rent,478828.26,success,2025-07-12,UPI20250712010992,10:38:33,Debit,Senior,1,1,0,-1,Suspicious
19677.09,Kotak Mahindra Bank,Bank of Baroda,Chennai,INR,CUST41266570413,61,Web,Male,CUST57156364130,Individual Transfer,UPI ID,P2P,Rent,236466.94,success,2025-04-23,UPI20250423011006,20:08:49,Debit,Senior,1,1,1,-1,Suspicious
22235.28,Punjab National Bank,IndusInd Bank,Mumbai,INR,CUST59791934894,56,iOS,Female,CUST61252401383,Individual Transfer,UPI ID,P2P,Rent,427647.17,success,2025-03-23,UPI20250323011028,14:57:51,Debit,Senior,1,1,0,-1,Suspicious
39208.3,Canara Bank,IndusInd Bank,Kochi,INR,CUST37449846613,54,Android,Male,CUST75370053434,Individual Transfer,Bank Account,P2P,Salary Transfer,408323.98,success,2025-01-08,UPI20250108011065,13:03:43,Debit,Senior,1,1,0,-1,Suspicious
21780.22,IndusInd Bank,Kotak Mahindra Bank,Ahmedabad,INR,CUST40488183771,67,Web,Female,CUST28776107624,Individual Transfer,Bank Account,P2P,Salary Transfer,213795.82,success,2025-04-11,UPI20250411011138,04:12:58,Credit,Senior,1,1,1,-1,Suspicious
29907.65,Axis Bank,Punjab National Bank,Kochi,INR,CUST22130386392,65,iOS,Male,CUST94841626835,Individual Transfer,QR Scan,P2P,Rent,220514.56,success,2025-01-18,UPI20250118011168,10:52:15,Debit,Senior,1,1,0,-1,Suspicious
19845.02,Union Bank of India,Punjab National Bank,Gurugram,INR,CUST79980295137,63,Web,Female,CUST25185241880,Individual Transfer,Mobile Number,P2P,Loan Repayment,449952.38,success,2025-09-29,UPI20250929011169,18:56:11,Debit,Senior,1,1,1,-1,Suspicious
16338.69,Canara Bank,IDFC FIRST Bank,Kochi,INR,CUST94431740865,49,iOS,Male,MERC2954222447,Spotify,Bank Account,P2M,Bills,102955.3,success,2025-10-12,UPI20251012011216,21:58:35,Debit,Senior,1,1,0,-1,Suspicious
14727.33,Punjab National Bank,Union Bank of India,Nagpur,INR,CUST96689334506,48,POS Device,Female,CUST98401639158,Individual Transfer,QR Scan,P2P,Salary Transfer,416303.46,success,2025-08-27,UPI20250827011252,09:31:51,Debit,Senior,1,1,0,-1,Suspicious
15480.04,IDFC FIRST Bank,HDFC Bank,Kolkata,INR,CUST27379509731,60,POS Device,Female,CUST59365109374,Individual Transfer,QR Scan,P2P,Rent,106804.42,success,2025-10-13,UPI20251013011278,13:03:06,Debit,Senior,1,1,0,-1,Suspicious
15283.41,State Bank of India,Canara Bank,Nagpur,INR,CUST51954595867,21,Android,Male,CUST19537036755,Individual Transfer,QR Scan,P2P,Loan Repayment,457677.09,success,2025-03-12,UPI20250312011358,21:34:27,Debit,Young,1,1,0,-1,Suspicious
26138.9,Bank of Baroda,HDFC Bank,Kochi,INR,CUST77820133746,31,Web,Male,CUST63527101509,Individual Transfer,UPI ID,P2P,Rent,419435.84,success,2025-06-30,UPI20250630011434,17:48:28,Debit,Adult,1,1,1,-1,Suspicious
14682.84,Bank of Baroda,Kotak Mahindra Bank,Kochi,INR,CUST14519278508,66,iOS,Female,CUST35086786233,Individual Transfer,QR Scan,P2P,Rent,340667.62,success,2025-10-28,UPI20251028011451,09:18:47,Debit,Senior,1,1,0,-1,Suspicious
58826.38,Axis Bank,Canara Bank,Mumbai,INR,CUST66000507342,60,Web,Female,CUST50929638179,Individual Transfer,Mobile Number,P2P,Rent,371312.53,success,2025-06-16,UPI20250616011464,17:55:28,Debit,Senior,1,1,1,-1,Suspicious
15845.82,IDFC FIRST Bank,HDFC Bank,Noida,INR,CUST23066763212,53,iOS,Female,CUST18474168635,Individual Transfer,Bank Account,P2P,Salary Transfer,224344.39,success,2025-07-04,UPI20250704011467,11:18:11,Debit,Senior,1,1,0,-1,Suspicious
15267.53,IndusInd Bank,Yes Bank,Chandigarh,INR,CUST13704071210,70,Web,Male,CUST55346592489,Individual Transfer,Mobile Number,P2P,Loan Repayment,405777.64,success,2025-10-04,UPI20251004011508,22:58:31,Debit,Senior,1,1,1,-1,Suspicious
16649.12,ICICI Bank,Union Bank of India,Lucknow,INR,CUST38634183412,35,Web,Female,CUST93603052019,Individual Transfer,QR Scan,P2P,Loan Repayment,118326.08,failed,2025-08-07,UPI20250807011516,16:58:59,Debit,Adult,0,1,1,-1,Suspicious
17752.77,Punjab National Bank,Kotak Mahindra Bank,Hyderabad,INR,CUST48196515694,65,Android,Male,MERC8907890933,Local Kirana,Mobile Number,P2M,Healthcare,410223.42,success,2025-12-06,UPI20251206011587,18:24:17,Debit,Senior,1,1,0,-1,Suspicious
32439.83,ICICI Bank,IndusInd Bank,Kolkata,INR,CUST75855721301,39,iOS,Male,CUST13016879884,Individual Transfer,QR Scan,P2P,Salary Transfer,405164.6,success,2025-01-10,UPI20250110011610,23:48:09,Credit,Adult,1,1,0,-1,Suspicious
21242.09,Union Bank of India,ICICI Bank,Surat,INR,CUST88142231672,66,Web,Female,MERC8175565860,Ola,Mobile Number,P2M,Travel,25630.89,success,2025-10-06,UPI20251006011681,21:11:17,Debit,Senior,1,1,0,-1,Suspicious
17287.27,HDFC Bank,IDFC FIRST Bank,Gurugram,INR,CUST78744027343,32,POS Device,Female,CUST20223046762,Individual Transfer,UPI ID,P2P,Salary Transfer,273595.81,success,2025-08-12,UPI20250812011682,17:15:22,Debit,Adult,1,1,0,-1,Suspicious
19802.79,ICICI Bank,Axis Bank,Indore,INR,CUST79136495349,42,Android,Male,CUST28628289875,Individual Transfer,Bank Account,P2P,Rent,251467.97,success,2025-10-25,UPI20251025011755,00:12:28,Credit,Adult,1,1,0,-1,Suspicious
15974.6,ICICI Bank,ICICI Bank,Lucknow,INR,CUST19730960723,31,iOS,Male,CUST97277285028,Individual Transfer,QR Scan,P2P,Salary Transfer,131197.89,success,2025-06-23,UPI20250623011949,21:11:06,Debit,Adult,1,1,0,-1,Suspicious
12905.57,ICICI Bank,Yes Bank,Nagpur,INR,CUST71965401837,61,iOS,Male,CUST87301646583,Individual Transfer,QR Scan,P2P,Loan Repayment,10731.98,success,2025-04-01,UPI20250401011984,14:12:49,Debit,Senior,1,1,0,-1,Suspicious
48763.29,Yes Bank,Canara Bank,Surat,INR,CUST48095166668,35,Web,Male,CUST14059069706,Individual Transfer,Mobile Number,P2P,Salary Transfer,228755.88,success,2025-06-04,UPI20250604012003,22:44:02,Debit,Adult,1,1,1,-1,Suspicious
40492.52,IDFC FIRST Bank,Canara Bank,Lucknow,INR,CUST43265485468,33,Android,Male,CUST95422344896,Individual Transfer,Mobile Number,P2P,Salary Transfer,144292.71,success,2025-04-02,UPI20250402012026,12:57:55,Credit,Adult,1,1,0,-1,Suspicious
27629.24,Union Bank of India,IndusInd Bank,Coimbatore,INR,CUST65311871865,23,iOS,Male,MERC3683818203,Cafe Coffee Day,Bank Account,P2M,Bills,365958.14,success,2025-11-17,UPI20251117012049,18:24:50,Debit,Young,1,1,0,-1,Suspicious
21121.31,Yes Bank,State Bank of India,Noida,INR,CUST45197960678,47,Android,Male,CUST80720943484,Individual Transfer,UPI ID,P2P,Rent,107580.33,success,2025-12-30,UPI20251230012127,18:39:14,Debit,Senior,1,1,0,-1,Suspicious
13027.29,HDFC Bank,Yes Bank,Gurugram,INR,CUST28541887924,50,iOS,Male,MERC1516033188,IRCTC,UPI ID,P2M,Bills,32457.72,success,2025-07-19,UPI20250719012142,08:12:44,Debit,Senior,1,1,0,-1,Suspicious
14987.36,Union Bank of India,Yes Bank,Kolkata,INR,CUST23257404703,23,POS Device,Male,CUST36638095364,Individual Transfer,QR Scan,P2P,Salary Transfer,171938.75,success,2025-01-19,UPI20250119012247,18:56:07,Debit,Young,1,1,0,-1,Suspicious
12791.11,Bank of Baroda,Kotak Mahindra Bank,Pune,INR,CUST58362021340,64,iOS,Female,CUST86542213082,Individual Transfer,UPI ID,P2P,Loan Repayment,35439.44,success,2025-10-30,UPI20251030012308,19:57:37,Credit,Senior,1,1,0,-1,Suspicious
20536.45,Kotak Mahindra Bank,Axis Bank,Patna,INR,CUST90105927633,58,Web,Female,CUST97392546410,Individual Transfer,Bank Account,P2P,Rent,347819.64,success,2025-12-06,UPI20251206012321,15:28:05,Debit,Senior,1,1,1,-1,Suspicious
17134.63,Axis Bank,Union Bank of India,Indore,INR,CUST23766690961,37,iOS,Male,CUST90783775738,Individual Transfer,Bank Account,P2P,Loan Repayment,416612.54,success,2025-02-06,UPI20250206012343,17:32:15,Credit,Adult,1,1,0,-1,Suspicious
39518.38,HDFC Bank,Canara Bank,Coimbatore,INR,CUST83931630754,48,iOS,Female,CUST68410625425,Individual Transfer,Mobile Number,P2P,Rent,102814.04,success,2025-11-24,UPI20251124012499,21:57:32,Debit,Senior,1,1,0,-1,Suspicious
31625.24,HDFC Bank,HDFC Bank,Indore,INR,CUST30445127405,22,Web,Male,CUST82219138644,Individual Transfer,QR Scan,P2P,Salary Transfer,228989.78,success,2025-03-20,UPI20250320012504,05:26:03,Debit,Young,1,1,1,-1,Suspicious
18451.12,IndusInd Bank,Canara Bank,Patna,INR,CUST30528440883,67,Android,Male,CUST35691863534,Individual Transfer,Mobile Number,P2P,Rent,57740.26,success,2025-10-10,UPI20251010012533,13:51:01,Debit,Senior,1,1,0,-1,Suspicious
17324.63,State Bank of India,HDFC Bank,Noida,INR,CUST47577033128,54,Web,Male,CUST79929955465,Individual Transfer,Bank Account,P2P,Salary Transfer,90120.73,success,2025-05-22,UPI20250522012585,20:42:45,Debit,Senior,1,1,1,-1,Suspicious
21422.55,Canara Bank,Yes Bank,Surat,INR,CUST35873423840,70,POS Device,Male,CUST28636014220,Individual Transfer,Mobile Number,P2P,Loan Repayment,156765.91,success,2025-02-04,UPI20250204012601,20:53:59,Debit,Senior,1,1,0,-1,Suspicious
44605.85,Axis Bank,HDFC Bank,Chennai,INR,CUST44704090885,58,Web,Male,CUST55271194434,Individual Transfer,Mobile Number,P2P,Rent,100770.96,success,2025-02-25,UPI20250225012627,00:38:00,Debit,Senior,1,1,1,-1,Suspicious
15120.05,Bank of Baroda,Kotak Mahindra Bank,Mumbai,INR,CUST80306975741,28,POS Device,Male,CUST37415812022,Individual Transfer,UPI ID,P2P,Rent,408534.66,success,2025-10-11,UPI20251011012652,14:35:34,Debit,Adult,1,1,0,-1,Suspicious
31919.86,Kotak Mahindra Bank,IndusInd Bank,Kochi,INR,CUST97950409204,68,POS Device,Female,CUST85105424545,Individual Transfer,QR Scan,P2P,Loan Repayment,162254.15,success,2025-06-24,UPI20250624012657,09:37:09,Debit,Senior,1,1,0,-1,Suspicious
17630.92,Yes Bank,State Bank of India,Delhi,INR,CUST22466898989,31,iOS,Female,CUST40492558486,Individual Transfer,Bank Account,P2P,Salary Transfer,105797.23,success,2025-02-18,UPI20250218012746,18:28:05,Credit,Adult,1,1,0,-1,Suspicious
9945.09,Union Bank of India,Axis Bank,Bengaluru,INR,CUST18658398795,21,Android,Female,CUST26011928572,Individual Transfer,UPI ID,P2P,Rent,95310.94,success,2025-10-08,UPI20251008012822,11:38:51,Debit,Young,1,1,0,-1,Suspicious
11451.53,HDFC Bank,Kotak Mahindra Bank,Hyderabad,INR,CUST33938266430,52,Android,Female,CUST16476314342,Individual Transfer,Bank Account,P2P,Personal Transfer,487371.62,success,2025-05-31,UPI20250531012854,13:29:52,Debit,Senior,1,1,0,-1,Suspicious
57830.77,HDFC Bank,Bank of Baroda,Lucknow,INR,CUST31558438132,41,Android,Female,CUST52528204534,Individual Transfer,UPI ID,P2P,Loan Repayment,72586.65,success,2025-05-17,UPI20250517012896,19:03:23,Debit,Adult,1,1,0,-1,Suspicious
17735.93,Bank of Baroda,Yes Bank,Patna,INR,CUST53259100011,46,Android,Female,MERC5571030042,BookMyShow,Bank Account,P2M,Bills,402924.48,success,2025-01-15,UPI20250115012949,18:14:48,Debit,Senior,1,1,0,-1,Suspicious
15641.88,Union Bank of India,State Bank of India,Bengaluru,INR,CUST20096290787,20,POS Device,Male,CUST77506026549,Individual Transfer,Mobile Number,P2P,Rent,256840.71,success,2025-10-24,UPI20251024012958,20:53:47,Debit,Young,1,1,0,-1,Suspicious
17963.21,Axis Bank,HDFC Bank,Chandigarh,INR,CUST28384531898,60,iOS,Male,MERC9798396014,Zomato,QR Scan,P2M,Education,88250.39,success,2025-02-12,UPI20250212012965,07:10:31,Debit,Senior,1,1,0,-1,Suspicious
32870.7,Bank of Baroda,IndusInd Bank,Kolkata,INR,CUST55755305904,18,POS Device,Female,CUST98208201024,Individual Transfer,QR Scan,P2P,Salary Transfer,284720.01,success,2025-01-15,UPI20250115013030,15:49:40,Debit,Young,1,1,0,-1,Suspicious
20707.45,IDFC FIRST Bank,Bank of Baroda,Kolkata,INR,CUST91269433130,36,POS Device,Male,MERC9531042895,Paytm Mall,Bank Account,P2M,Bills,79667.28,success,2025-06-08,UPI20250608013040,15:58:42,Debit,Adult,1,1,0,-1,Suspicious
20932.79,Canara Bank,Bank of Baroda,Delhi,INR,CUST52488024601,31,Web,Male,CUST83514923771,Individual Transfer,Mobile Number,P2P,Rent,108826.17,success,2025-04-20,UPI20250420013220,18:06:52,Credit,Adult,1,1,1,-1,Suspicious
17956.89,HDFC Bank,Canara Bank,Nagpur,INR,CUST42660900866,29,iOS,Female,CUST54963727187,Individual Transfer,Bank Account,P2P,Salary Transfer,468614.85,success,2025-11-03,UPI20251103013351,10:10:50,Debit,Adult,1,1,0,-1,Suspicious
21114.07,IDFC FIRST Bank,Canara Bank,Hyderabad,INR,CUST24629343076,52,Android,Male,CUST22328201981,Individual Transfer,UPI ID,P2P,Rent,247120.58,success,2025-09-15,UPI20250915013374,14:28:01,Debit,Senior,1,1,0,-1,Suspicious
20290.16,Kotak Mahindra Bank,Bank of Baroda,Ahmedabad,INR,CUST82055463298,34,Android,Female,CUST77220917393,Individual Transfer,Mobile Number,P2P,Loan Repayment,429067.17,success,2025-02-09,UPI20250209013427,08:09:20,Credit,Adult,1,1,0,-1,Suspicious
51080.08,IndusInd Bank,Bank of Baroda,Delhi,INR,CUST21215784137,25,Web,Male,MERC3757325869,Reliance Digital,Mobile Number,P2M,Healthcare,310392.03,success,2025-05-27,UPI20250527013495,00:33:13,Debit,Adult,1,1,0,-1,Suspicious
27986.55,State Bank of India,Punjab National Bank,Bhopal,INR,CUST68212711644,43,iOS,Female,CUST42812910095,Individual Transfer,QR Scan,P2P,Rent,470761.49,success,2025-04-10,UPI20250410013573,17:29:36,Debit,Adult,1,1,0,-1,Suspicious
107536.58,Union Bank of India,Axis Bank,Chandigarh,INR,CUST80253953380,39,Web,Male,CUST92610595900,Individual Transfer,Mobile Number,P2P,Rent,315483.29,success,2025-10-26,UPI20251026013724,14:02:16,Debit,Adult,1,1,1,-1,Suspicious
19123.69,Punjab National Bank,Union Bank of India,Coimbatore,INR,CUST51973741365,41,Web,Male,CUST89997691948,Individual Transfer,QR Scan,P2P,Loan Repayment,57043.28,success,2025-10-01,UPI20251001013739,15:50:26,Debit,Adult,1,1,1,-1,Suspicious
26182.57,Kotak Mahindra Bank,Punjab National Bank,Ahmedabad,INR,CUST68518886097,37,POS Device,Female,CUST77221508410,Individual Transfer,Bank Account,P2P,Loan Repayment,445835.77,success,2025-12-30,UPI20251230013753,16:47:07,Debit,Adult,1,1,0,-1,Suspicious
17679.0,Bank of Baroda,Axis Bank,Pune,INR,CUST61066552199,56,iOS,Female,CUST42444146605,Individual Transfer,Mobile Number,P2P,Rent,427255.6,success,2025-07-17,UPI20250717013790,17:16:57,Debit,Senior,1,1,0,-1,Suspicious
18181.6,IndusInd Bank,Union Bank of India,Delhi,INR,CUST61553823523,45,Web,Male,CUST89189797506,Individual Transfer,Bank Account,P2P,Loan Repayment,437688.14,success,2025-10-18,UPI20251018013926,20:43:46,Debit,Senior,1,1,1,-1,Suspicious
27352.64,Axis Bank,Bank of Baroda,Gurugram,INR,CUST62065405661,38,Android,Male,MERC1411052395,Urban Company,UPI ID,P2M,Education,157571.86,success,2025-06-28,UPI20250628013989,20:40:26,Debit,Adult,1,1,0,-1,Suspicious
14573.54,ICICI Bank,Canara Bank,Mumbai,INR,CUST28490159540,27,Android,Male,CUST86972577558,Individual Transfer,QR Scan,P2P,Split Expense,410654.66,success,2025-06-12,UPI20250612014027,15:56:06,Debit,Adult,1,1,0,-1,Suspicious
94312.08,Punjab National Bank,State Bank of India,Kochi,INR,CUST24213400819,52,iOS,Female,CUST12547097758,Individual Transfer,QR Scan,P2P,Rent,189376.3,success,2025-10-04,UPI20251004014075,20:03:18,Debit,Senior,1,1,0,-1,Suspicious
64253.66,Axis Bank,State Bank of India,Chennai,INR,CUST28120800748,35,Web,Male,CUST29248212829,Individual Transfer,UPI ID,P2P,Salary Transfer,102320.57,success,2025-06-07,UPI20250607014077,08:50:19,Debit,Adult,1,1,1,-1,Suspicious
37626.14,Axis Bank,Canara Bank,Chennai,INR,CUST44247236506,23,Android,Male,CUST61353838920,Individual Transfer,QR Scan,P2P,Salary Transfer,323211.05,success,2025-12-22,UPI20251222014081,16:31:40,Debit,Young,1,1,0,-1,Suspicious
31195.67,Kotak Mahindra Bank,Kotak Mahindra Bank,Kochi,INR,CUST93161401507,64,iOS,Female,CUST86678095701,Individual Transfer,Mobile Number,P2P,Salary Transfer,417905.33,success,2025-11-20,UPI20251120014089,09:21:02,Debit,Senior,1,1,0,-1,Suspicious
40675.92,Kotak Mahindra Bank,State Bank of India,Lucknow,INR,CUST69489608022,29,Android,Female,CUST62230241108,Individual Transfer,UPI ID,P2P,Loan Repayment,66958.96,success,2025-07-21,UPI20250721014202,14:44:45,Debit,Adult,1,1,0,-1,Suspicious
10821.12,HDFC Bank,IndusInd Bank,Bhopal,INR,CUST72161107016,23,POS Device,Female,CUST50859711698,Individual Transfer,Mobile Number,P2P,Rent,485543.5,success,2025-11-16,UPI20251116014218,21:21:37,Debit,Young,1,1,0,-1,Suspicious
15779.94,Kotak Mahindra Bank,Union Bank of India,Jaipur,INR,CUST42091948030,57,Web,Male,CUST32259455125,Individual Transfer,UPI ID,P2P,Rent,220000.31,success,2025-01-08,UPI20250108014245,08:28:29,Debit,Senior,1,1,1,-1,Suspicious
12943.24,Bank of Baroda,Kotak Mahindra Bank,Bengaluru,INR,CUST36662008817,64,iOS,Female,MERC1520472907,MakeMyTrip,Mobile Number,P2M,Healthcare,36905.15,success,2025-05-02,UPI20250502014287,19:47:33,Debit,Senior,1,1,0,-1,Suspicious
24276.61,Yes Bank,HDFC Bank,Lucknow,INR,CUST17652259903,41,Web,Male,CUST36180528923,Individual Transfer,UPI ID,P2P,Salary Transfer,255688.75,success,2025-04-23,UPI20250423014299,17:11:07,Debit,Adult,1,1,1,-1,Suspicious
13552.44,Union Bank of India,ICICI Bank,Gurugram,INR,CUST20458575151,70,POS Device,Male,CUST51163293493,Individual Transfer,UPI ID,P2P,Rent,345569.53,success,2025-03-10,UPI20250310014328,05:04:51,Debit,Senior,1,1,0,-1,Suspicious
33640.24,Kotak Mahindra Bank,ICICI Bank,Lucknow,INR,CUST89307775056,55,Android,Female,CUST46903366511,Individual Transfer,QR Scan,P2P,Salary Transfer,329749.72,success,2025-05-23,UPI20250523014513,05:59:08,Debit,Senior,1,1,0,-1,Suspicious
28857.24,Axis Bank,IDFC FIRST Bank,Chennai,INR,CUST61659217042,68,iOS,Male,CUST43331564429,Individual Transfer,Bank Account,P2P,Salary Transfer,140388.32,pending,2025-05-10,UPI20250510014540,20:14:23,Debit,Senior,0,1,0,-1,Suspicious
22241.33,Canara Bank,IDFC FIRST Bank,Pune,INR,CUST27454324035,65,Web,Male,CUST41339162584,Individual Transfer,QR Scan,P2P,Loan Repayment,213268.72,success,2025-03-12,UPI20250312014572,17:50:23,Credit,Senior,1,1,1,-1,Suspicious
10886.85,Canara Bank,Union Bank of India,Bengaluru,INR,CUST69680473579,18,POS Device,Female,CUST41649687875,Individual Transfer,Bank Account,P2P,Rent,266412.35,success,2025-02-14,UPI20250214014678,11:36:37,Debit,Young,1,1,0,-1,Suspicious
23233.59,Punjab National Bank,Axis Bank,Pune,INR,CUST58013801798,68,POS Device,Female,MERC4894159304,Flipkart,QR Scan,P2M,Healthcare,67731.21,failed,2025-12-13,UPI20251213014721,12:02:42,Debit,Senior,0,1,0,-1,Suspicious
34181.53,ICICI Bank,Yes Bank,Jaipur,INR,CUST32958386290,51,iOS,Female,MERC1615773313,MakeMyTrip,Mobile Number,P2M,Education,425841.98,success,2025-01-24,UPI20250124014883,13:56:00,Debit,Senior,1,1,0,-1,Suspicious
12798.12,State Bank of India,ICICI Bank,Gurugram,INR,CUST77537685370,20,Web,Female,CUST89517040427,Individual Transfer,QR Scan,P2P,Salary Transfer,200556.62,success,2025-09-24,UPI20250924014983,12:02:50,Debit,Young,1,1,1,-1,Suspicious
23346.89,HDFC Bank,ICICI Bank,Surat,INR,CUST90574926884,40,POS Device,Male,CUST54913940829,Individual Transfer,Bank Account,P2P,Rent,262592.96,success,2025-08-13,UPI20250813014991,14:26:34,Debit,Adult,1,1,0,-1,Suspicious
15374.24,Punjab National Bank,Bank of Baroda,Hyderabad,INR,CUST86644212703,34,iOS,Female,CUST67063056825,Individual Transfer,Bank Account,P2P,Rent,171777.15,success,2025-09-12,UPI20250912015196,11:13:48,Debit,Adult,1,1,0,-1,Suspicious
23515.79,IDFC FIRST Bank,HDFC Bank,Jaipur,INR,CUST43754678972,39,iOS,Male,CUST89483786534,Individual Transfer,UPI ID,P2P,Salary Transfer,15521.67,success,2025-03-01,UPI20250301015255,14:35:15,Debit,Adult,1,1,0,-1,Suspicious
22872.5,Canara Bank,IDFC FIRST Bank,Pune,INR,CUST88604209623,26,iOS,Female,CUST66441000314,Individual Transfer,QR Scan,P2P,Loan Repayment,197530.43,success,2025-09-07,UPI20250907015307,15:40:23,Credit,Adult,1,1,0,-1,Suspicious
14088.6,Bank of Baroda,Axis Bank,Kochi,INR,CUST76369467716,66,Android,Male,CUST12166725722,Individual Transfer,Mobile Number,P2P,Salary Transfer,448354.2,success,2025-02-22,UPI20250222015315,14:14:29,Debit,Senior,1,1,0,-1,Suspicious
16145.38,HDFC Bank,IndusInd Bank,Lucknow,INR,CUST20414110712,64,POS Device,Female,CUST98215322898,Individual Transfer,Bank Account,P2P,Salary Transfer,189968.6,success,2025-10-01,UPI20251001015430,19:56:11,Credit,Senior,1,1,0,-1,Suspicious
82192.15,Yes Bank,Punjab National Bank,Delhi,INR,CUST47391576005,48,Android,Male,CUST81384980840,Individual Transfer,Mobile Number,P2P,Loan Repayment,95348.15,success,2025-10-10,UPI20251010015476,13:02:33,Debit,Senior,1,1,0,-1,Suspicious
16137.22,Yes Bank,Union Bank of India,Lucknow,INR,CUST41263816114,68,Android,Female,MERC8982363597,MakeMyTrip,Bank Account,P2M,Healthcare,164438.54,success,2025-06-15,UPI20250615015496,21:12:42,Debit,Senior,1,1,0,-1,Suspicious
16271.92,HDFC Bank,Canara Bank,Indore,INR,CUST60268517732,54,POS Device,Female,MERC4493982987,Uber,Mobile Number,P2M,Recharge,108099.11,failed,2025-11-24,UPI20251124015498,15:44:16,Debit,Senior,0,1,0,-1,Suspicious
21027.7,Yes Bank,Canara Bank,Chandigarh,INR,CUST26037304947,44,Android,Female,CUST77167337985,Individual Transfer,UPI ID,P2P,Rent,382458.42,success,2025-01-30,UPI20250130015541,11:46:38,Debit,Adult,1,1,0,-1,Suspicious
29307.47,State Bank of India,ICICI Bank,Kochi,INR,CUST19278880578,33,Android,Female,CUST31152119913,Individual Transfer,QR Scan,P2P,Loan Repayment,365724.28,success,2025-04-28,UPI20250428015555,19:37:35,Debit,Adult,1,1,0,-1,Suspicious
21438.47,Punjab National Bank,Axis Bank,Delhi,INR,CUST63667269246,30,Web,Female,CUST30375165456,Individual Transfer,UPI ID,P2P,Salary Transfer,468386.56,success,2025-06-12,UPI20250612015596,15:20:08,Debit,Adult,1,1,1,-1,Suspicious
27387.6,IndusInd Bank,HDFC Bank,Nagpur,INR,CUST67786459288,46,iOS,Female,CUST93492838972,Individual Transfer,QR Scan,P2P,Salary Transfer,391790.55,success,2025-07-27,UPI20250727015625,15:48:34,Debit,Senior,1,1,0,-1,Suspicious
25299.97,Canara Bank,State Bank of India,Delhi,INR,CUST19469098022,40,Android,Female,CUST24987422360,Individual Transfer,QR Scan,P2P,Loan Repayment,256258.35,success,2025-06-29,UPI20250629015669,08:51:34,Debit,Adult,1,1,0,-1,Suspicious
20128.68,IndusInd Bank,State Bank of India,Surat,INR,CUST44017994079,62,iOS,Male,CUST21992685486,Individual Transfer,Mobile Number,P2P,Rent,156021.36,success,2025-10-20,UPI20251020015707,21:41:08,Debit,Senior,1,1,0,-1,Suspicious
29962.6,HDFC Bank,Union Bank of India,Bengaluru,INR,CUST62022455301,55,iOS,Female,CUST50286358839,Individual Transfer,Mobile Number,P2P,Rent,153225.39,success,2025-04-28,UPI20250428015725,00:15:38,Debit,Senior,1,1,0,-1,Suspicious
22295.11,Yes Bank,IDFC FIRST Bank,Nagpur,INR,CUST93260351232,37,iOS,Female,CUST39422081624,Individual Transfer,UPI ID,P2P,Salary Transfer,364411.6,success,2025-04-06,UPI20250406015743,19:00:05,Debit,Adult,1,1,0,-1,Suspicious
22839.1,Yes Bank,ICICI Bank,Kochi,INR,CUST15255622236,43,Android,Male,CUST37261104420,Individual Transfer,Mobile Number,P2P,Split Expense,55750.89,success,2025-04-11,UPI20250411015747,17:45:35,Debit,Adult,1,1,0,-1,Suspicious
58680.89,HDFC Bank,Canara Bank,Nagpur,INR,CUST11750141122,52,POS Device,Male,CUST27501025534,Individual Transfer,UPI ID,P2P,Rent,375984.76,success,2025-01-04,UPI20250104015770,17:17:45,Debit,Senior,1,1,0,-1,Suspicious
35072.42,HDFC Bank,Punjab National Bank,Nagpur,INR,CUST99398395085,51,Web,Male,CUST21541355046,Individual Transfer,UPI ID,P2P,Loan Repayment,90141.35,success,2025-08-06,UPI20250806015791,17:55:18,Debit,Senior,1,1,1,-1,Suspicious
19011.54,Axis Bank,Kotak Mahindra Bank,Coimbatore,INR,CUST78090480578,65,Android,Male,CUST85164071975,Individual Transfer,Mobile Number,P2P,Salary Transfer,74548.41,success,2025-12-02,UPI20251202015836,11:56:50,Debit,Senior,1,1,0,-1,Suspicious
17468.6,Bank of Baroda,Canara Bank,Jaipur,INR,CUST51960987186,27,Web,Male,CUST92528817799,Individual Transfer,UPI ID,P2P,Salary Transfer,479856.01,success,2025-03-26,UPI20250326015857,19:07:07,Debit,Adult,1,1,1,-1,Suspicious
22380.17,IDFC FIRST Bank,IndusInd Bank,Ahmedabad,INR,CUST46344812165,49,Web,Male,CUST72330083946,Individual Transfer,Bank Account,P2P,Salary Transfer,186407.01,success,2025-03-11,UPI20250311015881,01:17:01,Debit,Senior,1,1,1,-1,Suspicious
22202.22,Kotak Mahindra Bank,IndusInd Bank,Noida,INR,CUST83864407924,49,Android,Male,MERC1024581256,Local Kirana,Mobile Number,P2M,Travel,54615.05,success,2025-10-28,UPI20251028015897,15:11:48,Debit,Senior,1,1,0,-1,Suspicious
19516.32,ICICI Bank,IndusInd Bank,Bengaluru,INR,CUST13097280753,33,Android,Female,CUST20894030915,Individual Transfer,QR Scan,P2P,Rent,436686.37,success,2025-02-09,UPI20250209015906,15:02:39,Credit,Adult,1,1,0,-1,Suspicious
17219.04,Union Bank of India,ICICI Bank,Gurugram,INR,CUST71627824132,65,Android,Female,CUST33375611606,Individual Transfer,UPI ID,P2P,Loan Repayment,345293.29,success,2025-09-30,UPI20250930015977,17:51:50,Debit,Senior,1,1,0,-1,Suspicious
9137.16,Bank of Baroda,ICICI Bank,Mumbai,INR,CUST58688871518,18,POS Device,Female,MERC2118688902,Paytm Mall,UPI ID,P2M,Bills,455315.21,success,2025-11-15,UPI20251115016001,01:33:18,Debit,Young,1,1,0,-1,Suspicious
37038.68,Canara Bank,Yes Bank,Patna,INR,CUST31376140318,22,Android,Female,CUST52513351621,Individual Transfer,UPI ID,P2P,Rent,433914.07,success,2025-10-22,UPI20251022016009,10:17:17,Debit,Young,1,1,0,-1,Suspicious
19110.61,IDFC FIRST Bank,Yes Bank,Bhopal,INR,CUST23013788434,69,Web,Male,CUST65719555274,Individual Transfer,Bank Account,P2P,Loan Repayment,29568.23,failed,2025-01-31,UPI20250131016125,18:02:10,Debit,Senior,0,1,1,-1,Suspicious
15982.03,Axis Bank,State Bank of India,Patna,INR,CUST19965599811,38,POS Device,Female,CUST89938501213,Individual Transfer,Mobile Number,P2P,Rent,462846.19,pending,2025-09-02,UPI20250902016153,09:17:31,Debit,Adult,0,1,0,-1,Suspicious
28032.4,Axis Bank,Axis Bank,Delhi,INR,CUST70156939992,45,Web,Female,CUST73398830019,Individual Transfer,UPI ID,P2P,Rent,254159.84,success,2025-01-30,UPI20250130016221,19:20:11,Debit,Senior,1,1,1,-1,Suspicious
31260.49,Yes Bank,Axis Bank,Indore,INR,CUST86480041705,27,Android,Male,CUST16622763198,Individual Transfer,Mobile Number,P2P,Rent,81715.18,failed,2025-12-04,UPI20251204016290,03:01:22,Credit,Adult,0,1,0,-1,Suspicious
18802.63,HDFC Bank,State Bank of India,Indore,INR,CUST77013127274,24,iOS,Female,CUST22471556645,Individual Transfer,Bank Account,P2P,Salary Transfer,349019.07,success,2025-08-24,UPI20250824016339,21:54:13,Credit,Young,1,1,0,-1,Suspicious
29676.56,Kotak Mahindra Bank,ICICI Bank,Noida,INR,CUST37113251850,54,Android,Female,MERC2488414631,Myntra,UPI ID,P2M,Bills,325714.59,failed,2025-03-07,UPI20250307016370,21:42:33,Debit,Senior,0,1,0,-1,Suspicious
16500.83,Yes Bank,IDFC FIRST Bank,Indore,INR,CUST77971654020,66,Web,Female,CUST40707549571,Individual Transfer,QR Scan,P2P,Personal Transfer,224849.07,success,2025-12-13,UPI20251213016444,18:29:01,Debit,Senior,1,1,1,-1,Suspicious
35861.21,Bank of Baroda,Union Bank of India,Indore,INR,CUST59262526845,58,Web,Male,CUST13296715036,Individual Transfer,Mobile Number,P2P,Salary Transfer,111696.2,success,2025-08-15,UPI20250815016464,18:41:04,Debit,Senior,1,1,1,-1,Suspicious
94281.51,Yes Bank,Canara Bank,Chandigarh,INR,CUST59713069306,27,Web,Male,CUST34306775975,Individual Transfer,QR Scan,P2P,Loan Repayment,331690.72,success,2025-01-12,UPI20250112016503,12:52:22,Credit,Adult,1,1,1,-1,Suspicious
21342.58,IDFC FIRST Bank,State Bank of India,Kolkata,INR,CUST80765327607,24,Android,Male,CUST64949849219,Individual Transfer,UPI ID,P2P,Salary Transfer,385876.43,success,2025-06-24,UPI20250624016513,12:26:50,Debit,Young,1,1,0,-1,Suspicious
17082.5,Axis Bank,HDFC Bank,Chennai,INR,CUST72844273567,27,iOS,Female,CUST25610501235,Individual Transfer,Bank Account,P2P,Loan Repayment,377275.56,failed,2025-07-26,UPI20250726016534,07:40:50,Credit,Adult,0,1,0,-1,Suspicious
30271.41,Canara Bank,HDFC Bank,Pune,INR,CUST61512313201,68,Android,Male,CUST32215620659,Individual Transfer,QR Scan,P2P,Loan Repayment,416426.87,success,2025-03-09,UPI20250309016737,11:57:48,Debit,Senior,1,1,0,-1,Suspicious
33927.41,Canara Bank,Punjab National Bank,Chennai,INR,CUST77784459450,61,POS Device,Male,CUST54965165613,Individual Transfer,Mobile Number,P2P,Rent,7363.87,success,2025-03-30,UPI20250330016790,11:14:28,Debit,Senior,1,1,0,-1,Suspicious
19478.64,Yes Bank,Bank of Baroda,Jaipur,INR,CUST74793369168,38,iOS,Female,CUST12157943052,Individual Transfer,UPI ID,P2P,Loan Repayment,292007.79,success,2025-09-29,UPI20250929016843,11:52:30,Debit,Adult,1,1,0,-1,Suspicious
15788.41,Yes Bank,IndusInd Bank,Hyderabad,INR,CUST84194650341,29,Android,Female,CUST31007133383,Individual Transfer,UPI ID,P2P,Salary Transfer,351080.47,success,2025-11-28,UPI20251128016872,08:04:25,Debit,Adult,1,1,0,-1,Suspicious
38760.56,Kotak Mahindra Bank,Union Bank of India,Gurugram,INR,CUST93132374260,21,Web,Male,CUST39011288174,Individual Transfer,QR Scan,P2P,Salary Transfer,399836.99,success,2025-02-10,UPI20250210016894,18:51:09,Credit,Young,1,1,1,-1,Suspicious
14571.12,HDFC Bank,ICICI Bank,Bengaluru,INR,CUST54270914893,26,Android,Male,MERC1018847342,Flipkart,Mobile Number,P2M,Travel,175190.3,success,2025-06-07,UPI20250607016929,16:45:19,Debit,Adult,1,1,0,-1,Suspicious
15702.84,Yes Bank,ICICI Bank,Chandigarh,INR,CUST12136678744,67,iOS,Male,CUST24538982297,Individual Transfer,QR Scan,P2P,Rent,457953.33,success,2025-10-28,UPI20251028016930,01:56:19,Debit,Senior,1,1,0,-1,Suspicious
14441.15,IndusInd Bank,Punjab National Bank,Delhi,INR,CUST33517467796,57,Web,Male,CUST89526137973,Individual Transfer,UPI ID,P2P,Salary Transfer,456335.53,success,2025-08-09,UPI20250809016969,11:02:23,Debit,Senior,1,1,1,-1,Suspicious
18531.38,Yes Bank,HDFC Bank,Chandigarh,INR,CUST18691716887,58,Android,Male,CUST96071340192,Individual Transfer,QR Scan,P2P,Rent,253325.12,success,2025-08-27,UPI20250827016991,17:58:45,Debit,Senior,1,1,0,-1,Suspicious
17547.64,Yes Bank,HDFC Bank,Nagpur,INR,CUST41779617090,56,Android,Female,CUST93089111780,Individual Transfer,Mobile Number,P2P,Rent,115711.4,success,2025-11-28,UPI20251128017084,07:19:51,Debit,Senior,1,1,0,-1,Suspicious
17780.36,Bank of Baroda,Yes Bank,Patna,INR,CUST34810131892,38,Web,Male,CUST95640116804,Individual Transfer,Bank Account,P2P,Salary Transfer,420338.71,success,2025-03-30,UPI20250330017097,10:06:22,Debit,Adult,1,1,1,-1,Suspicious
90081.65,HDFC Bank,Bank of Baroda,Chennai,INR,CUST58128741240,28,iOS,Female,CUST20579525247,Individual Transfer,QR Scan,P2P,Rent,31020.59,success,2025-09-17,UPI20250917017147,18:45:55,Debit,Adult,1,1,0,-1,Suspicious
20928.17,IndusInd Bank,Union Bank of India,Hyderabad,INR,CUST15718777011,27,POS Device,Male,CUST43182441958,Individual Transfer,UPI ID,P2P,Salary Transfer,164268.53,success,2025-05-03,UPI20250503017224,09:15:15,Debit,Adult,1,1,0,-1,Suspicious
19202.17,Union Bank of India,Kotak Mahindra Bank,Hyderabad,INR,CUST11922780654,59,POS Device,Male,MERC3157055493,Netflix,QR Scan,P2M,Healthcare,193557.85,success,2025-10-08,UPI20251008017274,19:22:19,Debit,Senior,1,1,0,-1,Suspicious
21805.46,Axis Bank,Axis Bank,Jaipur,INR,CUST70237848411,24,POS Device,Female,CUST53223159992,Individual Transfer,QR Scan,P2P,Rent,359369.53,success,2025-06-04,UPI20250604017291,18:45:18,Debit,Young,1,1,0,-1,Suspicious
19489.32,ICICI Bank,HDFC Bank,Patna,INR,CUST74524415380,20,POS Device,Female,CUST94071038245,Individual Transfer,QR Scan,P2P,Loan Repayment,411712.13,success,2025-02-23,UPI20250223017300,12:16:21,Debit,Young,1,1,0,-1,Suspicious
14107.2,Yes Bank,IndusInd Bank,Hyderabad,INR,CUST96576157747,52,iOS,Female,MERC8658239296,Swiggy,UPI ID,P2M,Healthcare,475504.79,success,2025-09-19,UPI20250919017370,18:54:44,Debit,Senior,1,1,0,-1,Suspicious
15315.55,State Bank of India,Canara Bank,Bhopal,INR,CUST48068943335,23,iOS,Female,CUST12268538476,Individual Transfer,UPI ID,P2P,Rent,164260.85,success,2025-02-24,UPI20250224017388,09:27:25,Debit,Young,1,1,0,-1,Suspicious
25586.49,State Bank of India,Yes Bank,Patna,INR,CUST51101822950,22,Android,Female,CUST29141297959,Individual Transfer,QR Scan,P2P,Loan Repayment,368560.09,failed,2025-10-15,UPI20251015017426,08:57:20,Debit,Young,0,1,0,-1,Suspicious
15916.87,IDFC FIRST Bank,Kotak Mahindra Bank,Nagpur,INR,CUST80878355863,18,iOS,Female,CUST92254076639,Individual Transfer,Bank Account,P2P,Salary Transfer,467847.4,success,2025-02-14,UPI20250214017535,12:34:51,Debit,Young,1,1,0,-1,Suspicious
16589.63,Punjab National Bank,Bank of Baroda,Chennai,INR,CUST55014525920,32,POS Device,Male,CUST44055175770,Individual Transfer,QR Scan,P2P,Salary Transfer,85189.4,success,2025-02-17,UPI20250217017616,09:56:57,Debit,Adult,1,1,0,-1,Suspicious
11415.04,Union Bank of India,Union Bank of India,Hyderabad,INR,CUST12839339984,24,POS Device,Male,MERC1022237957,Urban Company,Mobile Number,P2M,Food,71520.24,success,2025-07-31,UPI20250731017620,14:47:21,Credit,Young,1,1,0,-1,Suspicious
60603.43,State Bank of India,State Bank of India,Delhi,INR,CUST83991326324,61,iOS,Male,CUST86398176660,Individual Transfer,UPI ID,P2P,Loan Repayment,185889.56,failed,2025-04-10,UPI20250410017637,18:14:33,Debit,Senior,0,1,0,-1,Suspicious
29584.96,Union Bank of India,State Bank of India,Pune,INR,CUST71692130254,44,Web,Other,CUST14583163852,Individual Transfer,UPI ID,P2P,Loan Repayment,484724.89,success,2025-01-08,UPI20250108017648,14:05:34,Credit,Adult,1,1,1,-1,Suspicious
35827.0,IndusInd Bank,Yes Bank,Lucknow,INR,CUST54184466289,53,Android,Female,CUST31406663231,Individual Transfer,QR Scan,P2P,Loan Repayment,424221.78,success,2025-12-15,UPI20251215017708,21:21:20,Debit,Senior,1,1,0,-1,Suspicious
15597.9,Yes Bank,Canara Bank,Pune,INR,CUST30544120377,65,POS Device,Female,MERC5399905407,Ola,Mobile Number,P2M,Travel,26185.74,success,2025-07-06,UPI20250706017712,17:53:12,Debit,Senior,1,1,0,-1,Suspicious
25105.36,ICICI Bank,Yes Bank,Delhi,INR,CUST93814369670,32,Web,Male,CUST24837676854,Individual Transfer,QR Scan,P2P,Loan Repayment,118241.73,success,2025-01-03,UPI20250103017809,18:29:31,Debit,Adult,1,1,1,-1,Suspicious
30777.41,State Bank of India,Yes Bank,Delhi,INR,CUST35816167442,43,iOS,Female,CUST32044120123,Individual Transfer,QR Scan,P2P,Salary Transfer,19750.81,success,2025-02-03,UPI20250203017861,08:33:22,Debit,Adult,1,1,0,-1,Suspicious
37967.02,IDFC FIRST Bank,Kotak Mahindra Bank,Lucknow,INR,CUST12233287731,59,iOS,Female,CUST24864654953,Individual Transfer,UPI ID,P2P,Salary Transfer,329629.78,success,2025-10-28,UPI20251028017863,18:07:25,Debit,Senior,1,1,0,-1,Suspicious
27699.94,IDFC FIRST Bank,Axis Bank,Nagpur,INR,CUST95458359318,19,Web,Female,CUST71747034896,Individual Transfer,Mobile Number,P2P,Loan Repayment,232745.79,success,2025-02-09,UPI20250209017970,20:42:35,Debit,Young,1,1,1,-1,Suspicious
25535.93,Yes Bank,Bank of Baroda,Surat,INR,CUST25971499956,66,POS Device,Male,CUST87176689066,Individual Transfer,QR Scan,P2P,Rent,309288.18,success,2025-12-31,UPI20251231018049,05:42:27,Credit,Senior,1,1,0,-1,Suspicious
19934.94,Canara Bank,State Bank of India,Delhi,INR,CUST19166714366,26,Web,Female,CUST60781466245,Individual Transfer,UPI ID,P2P,Loan Repayment,2691.58,success,2025-01-04,UPI20250104018078,15:07:57,Debit,Adult,1,1,1,-1,Suspicious
22062.08,Kotak Mahindra Bank,Yes Bank,Hyderabad,INR,CUST12061760942,68,POS Device,Female,CUST50376693464,Individual Transfer,QR Scan,P2P,Rent,407105.59,success,2025-06-28,UPI20250628018146,16:55:43,Debit,Senior,1,1,0,-1,Suspicious
42349.96,Bank of Baroda,IndusInd Bank,Kolkata,INR,CUST12470535013,64,Web,Female,CUST82546735693,Individual Transfer,Mobile Number,P2P,Loan Repayment,103810.05,success,2025-01-07,UPI20250107018188,09:24:11,Debit,Senior,1,1,1,-1,Suspicious
43235.74,HDFC Bank,Canara Bank,Lucknow,INR,CUST77400204504,57,iOS,Female,CUST40593125456,Individual Transfer,Mobile Number,P2P,Rent,426334.13,success,2025-07-06,UPI20250706018215,12:01:14,Debit,Senior,1,1,0,-1,Suspicious
19971.91,Kotak Mahindra Bank,Punjab National Bank,Kochi,INR,CUST50927276980,29,Android,Female,CUST43090948675,Individual Transfer,Bank Account,P2P,Salary Transfer,298791.23,success,2025-02-17,UPI20250217018226,11:00:27,Debit,Adult,1,1,0,-1,Suspicious
52692.59,ICICI Bank,HDFC Bank,Gurugram,INR,CUST82103239831,47,POS Device,Female,CUST52649421065,Individual Transfer,QR Scan,P2P,Loan Repayment,353289.33,success,2025-06-04,UPI20250604018241,08:50:14,Debit,Senior,1,1,0,-1,Suspicious
16475.8,IDFC FIRST Bank,Bank of Baroda,Mumbai,INR,CUST87911628646,57,Android,Female,CUST35514922126,Individual Transfer,QR Scan,P2P,Loan Repayment,238161.78,failed,2025-05-20,UPI20250520018307,19:43:26,Debit,Senior,0,1,0,-1,Suspicious
117407.34,HDFC Bank,Bank of Baroda,Chennai,INR,CUST65113324839,18,iOS,Female,CUST42824233105,Individual Transfer,Bank Account,P2P,Salary Transfer,62951.79,success,2025-11-14,UPI20251114018315,08:08:38,Debit,Young,1,1,0,-1,Suspicious
21923.35,Punjab National Bank,Bank of Baroda,Gurugram,INR,CUST31153718005,22,POS Device,Male,CUST44828324662,Individual Transfer,Bank Account,P2P,Loan Repayment,81978.98,success,2025-08-17,UPI20250817018351,18:40:58,Debit,Young,1,1,0,-1,Suspicious
21173.83,Yes Bank,Union Bank of India,Kochi,INR,CUST15962981542,68,POS Device,Female,CUST29975812737,Individual Transfer,Mobile Number,P2P,Loan Repayment,506022.36,success,2025-01-16,UPI20250116018383,01:58:15,Credit,Senior,1,1,0,-1,Suspicious
40257.33,HDFC Bank,ICICI Bank,Patna,INR,CUST32462720637,69,Web,Female,CUST47241624297,Individual Transfer,Bank Account,P2P,Rent,388569.54,success,2025-03-18,UPI20250318018465,17:25:16,Credit,Senior,1,1,1,-1,Suspicious
20001.84,IDFC FIRST Bank,IndusInd Bank,Nagpur,INR,CUST46663985692,42,iOS,Male,CUST47460459435,Individual Transfer,QR Scan,P2P,Loan Repayment,403862.28,success,2025-05-23,UPI20250523018480,18:22:32,Debit,Adult,1,1,0,-1,Suspicious
15796.33,Kotak Mahindra Bank,HDFC Bank,Bhopal,INR,CUST26399621479,30,POS Device,Male,CUST65978614398,Individual Transfer,Mobile Number,P2P,Salary Transfer,52948.77,success,2025-11-14,UPI20251114018715,21:58:57,Debit,Adult,1,1,0,-1,Suspicious
10594.87,ICICI Bank,Kotak Mahindra Bank,Bengaluru,INR,CUST72087774171,28,iOS,Female,CUST71916026500,Individual Transfer,UPI ID,P2P,Rent,16202.27,success,2025-09-09,UPI20250909018823,11:45:49,Debit,Adult,1,1,0,-1,Suspicious
23390.29,State Bank of India,Axis Bank,Noida,INR,CUST26638930208,32,iOS,Male,CUST12998030626,Individual Transfer,Mobile Number,P2P,Rent,439836.32,success,2025-06-15,UPI20250615018865,08:58:11,Debit,Adult,1,1,0,-1,Suspicious
30981.73,State Bank of India,IndusInd Bank,Delhi,INR,CUST42530077595,51,POS Device,Female,CUST64050144558,Individual Transfer,QR Scan,P2P,Salary Transfer,173757.43,success,2025-08-30,UPI20250830018871,20:05:10,Debit,Senior,1,1,0,-1,Suspicious
27248.54,Axis Bank,IDFC FIRST Bank,Mumbai,INR,CUST36012235547,39,Android,Male,CUST55244738403,Individual Transfer,Bank Account,P2P,Loan Repayment,374459.76,success,2025-11-06,UPI20251106018879,18:39:27,Debit,Adult,1,1,0,-1,Suspicious
17627.36,Bank of Baroda,IndusInd Bank,Pune,INR,CUST55449679990,19,POS Device,Male,CUST93660358013,Individual Transfer,UPI ID,P2P,Loan Repayment,210570.03,success,2025-11-22,UPI20251122018903,13:40:17,Debit,Young,1,1,0,-1,Suspicious
14504.11,HDFC Bank,IndusInd Bank,Delhi,INR,CUST27516209132,25,Android,Female,CUST82334596522,Individual Transfer,QR Scan,P2P,Rent,238448.01,success,2025-04-01,UPI20250401018940,12:50:20,Debit,Adult,1,1,0,-1,Suspicious
17427.42,Kotak Mahindra Bank,Punjab National Bank,Bengaluru,INR,CUST97909057580,69,Web,Male,CUST35512338422,Individual Transfer,UPI ID,P2P,Rent,124611.67,success,2025-04-01,UPI20250401019060,21:37:53,Debit,Senior,1,1,1,-1,Suspicious
9775.81,HDFC Bank,IDFC FIRST Bank,Patna,INR,CUST95574467594,70,iOS,Female,CUST94523862113,Individual Transfer,Mobile Number,P2P,Rent,27133.51,success,2025-02-03,UPI20250203019099,19:16:09,Debit,Senior,1,1,0,-1,Suspicious
22244.63,Kotak Mahindra Bank,IndusInd Bank,Chennai,INR,CUST64512291327,65,Android,Female,CUST70675649237,Individual Transfer,QR Scan,P2P,Salary Transfer,475924.9,pending,2025-02-11,UPI20250211019104,20:18:11,Debit,Senior,0,1,0,-1,Suspicious
10396.84,Axis Bank,Kotak Mahindra Bank,Coimbatore,INR,CUST83873983370,18,Web,Male,CUST69580705578,Individual Transfer,QR Scan,P2P,Rent,429611.92,success,2025-06-10,UPI20250610019167,15:02:49,Debit,Young,1,1,1,-1,Suspicious
18080.93,IndusInd Bank,Canara Bank,Bhopal,INR,CUST43268553420,34,POS Device,Female,CUST69832135869,Individual Transfer,UPI ID,P2P,Rent,261057.0,success,2025-08-26,UPI20250826019168,16:03:05,Debit,Adult,1,1,0,-1,Suspicious
59108.26,Bank of Baroda,IndusInd Bank,Jaipur,INR,CUST64403312210,31,Android,Female,CUST45830621766,Individual Transfer,QR Scan,P2P,Rent,8526.67,success,2025-08-02,UPI20250802019244,18:00:01,Debit,Adult,1,1,0,-1,Suspicious
33152.77,Axis Bank,HDFC Bank,Noida,INR,CUST19907443301,62,Android,Male,CUST24576609568,Individual Transfer,QR Scan,P2P,Rent,193584.86,success,2025-05-29,UPI20250529019296,10:02:53,Debit,Senior,1,1,0,-1,Suspicious
17331.6,Axis Bank,Union Bank of India,Mumbai,INR,CUST90352411497,30,Web,Male,MERC2494859983,Reliance Digital,Mobile Number,P2M,Healthcare,356477.9,failed,2025-05-01,UPI20250501019299,07:13:48,Debit,Adult,0,1,0,-1,Suspicious
80944.04,State Bank of India,Yes Bank,Pune,INR,CUST55839257384,22,Android,Female,CUST20589269279,Individual Transfer,Bank Account,P2P,Salary Transfer,560875.16,success,2025-10-24,UPI20251024019329,18:03:44,Credit,Young,1,1,0,-1,Suspicious
17014.71,Kotak Mahindra Bank,IndusInd Bank,Jaipur,INR,CUST82304028087,31,iOS,Male,CUST78924495720,Individual Transfer,Mobile Number,P2P,Rent,1487.44,success,2025-09-27,UPI20250927019421,22:02:55,Debit,Adult,1,1,0,-1,Suspicious
47476.27,Axis Bank,Yes Bank,Kolkata,INR,CUST70859638566,39,POS Device,Female,CUST27903797867,Individual Transfer,Mobile Number,P2P,Rent,316687.97,success,2025-06-22,UPI20250622019435,18:50:29,Credit,Adult,1,1,0,-1,Suspicious
30418.23,IDFC FIRST Bank,Kotak Mahindra Bank,Indore,INR,CUST47758169838,22,Android,Female,CUST39525350593,Individual Transfer,UPI ID,P2P,Rent,453107.37,success,2025-11-10,UPI20251110019447,10:21:00,Debit,Young,1,1,0,-1,Suspicious
21821.78,IDFC FIRST Bank,IndusInd Bank,Indore,INR,CUST58435461570,18,POS Device,Female,CUST16354655926,Individual Transfer,Bank Account,P2P,Salary Transfer,71440.02,success,2025-08-13,UPI20250813019519,19:53:08,Credit,Young,1,1,0,-1,Suspicious
16655.1,Canara Bank,Yes Bank,Bengaluru,INR,CUST85485923776,36,Web,Female,CUST54350603191,Individual Transfer,QR Scan,P2P,Loan Repayment,157010.64,success,2025-06-16,UPI20250616019549,11:32:45,Credit,Adult,1,1,1,-1,Suspicious
24117.53,Yes Bank,IDFC FIRST Bank,Kochi,INR,CUST98754366412,38,iOS,Female,CUST12408772293,Individual Transfer,Bank Account,P2P,Salary Transfer,25699.91,success,2025-04-27,UPI20250427019634,17:40:16,Debit,Adult,1,1,0,-1,Suspicious
29971.94,IndusInd Bank,Bank of Baroda,Chennai,INR,CUST94416461952,29,Web,Male,CUST84054344147,Individual Transfer,Bank Account,P2P,Loan Repayment,25933.9,success,2025-04-20,UPI20250420019674,15:21:34,Debit,Adult,1,1,1,-1,Suspicious
28872.46,IndusInd Bank,Kotak Mahindra Bank,Noida,INR,CUST23410354978,52,Web,Male,CUST24411605578,Individual Transfer,UPI ID,P2P,Loan Repayment,343917.87,success,2025-01-30,UPI20250130019779,11:42:56,Credit,Senior,1,1,1,-1,Suspicious
16855.34,IndusInd Bank,ICICI Bank,Kochi,INR,CUST23387135939,67,Web,Female,CUST81788130967,Individual Transfer,UPI ID,P2P,Loan Repayment,445172.94,success,2025-07-28,UPI20250728019790,06:30:08,Debit,Senior,1,1,1,-1,Suspicious
11596.23,Axis Bank,IDFC FIRST Bank,Bhopal,INR,CUST11515179159,69,Android,Male,CUST58335456313,Individual Transfer,UPI ID,P2P,Salary Transfer,19778.29,success,2025-06-29,UPI20250629019935,06:51:05,Debit,Senior,1,1,0,-1,Suspicious
20197.86,Axis Bank,IndusInd Bank,Indore,INR,CUST76598047349,18,POS Device,Male,CUST12158194852,Individual Transfer,UPI ID,P2P,Loan Repayment,293918.67,success,2025-05-19,UPI20250519019956,10:35:33,Debit,Young,1,1,0,-1,Suspicious
